benchmark,scale_factor,dataset_gb,config,allocator,validated,query,status,seconds,on_cpu,host_rss_delta_gb,result_rows,detail
tpch,1,0.3,1gpu,default,True,1,ok,1.052,False,0.3,4,
tpch,1,0.3,1gpu,default,True,2,ok,0.33,False,0.1,100,
tpch,1,0.3,1gpu,default,True,3,ok,0.052,False,0.0,10,
tpch,1,0.3,1gpu,default,True,4,ok,0.039,False,0.0,5,
tpch,1,0.3,1gpu,default,True,5,ok,0.058,False,0.0,5,
tpch,1,0.3,1gpu,default,True,6,ok,0.018,False,0.0,1,
tpch,1,0.3,1gpu,default,True,7,ok,0.075,False,0.0,4,
tpch,1,0.3,1gpu,default,True,8,ok,0.231,False,0.1,2,
tpch,1,0.3,1gpu,default,True,9,ok,0.102,False,0.0,175,
tpch,1,0.3,1gpu,default,True,10,ok,0.091,False,0.0,20,
tpch,1,0.3,1gpu,default,True,11,ok,0.024,False,0.0,1048,
tpch,1,0.3,1gpu,default,True,12,ok,0.049,False,0.0,2,
tpch,1,0.3,1gpu,default,True,13,ok,0.045,False,0.0,42,
tpch,1,0.3,1gpu,default,True,14,ok,0.047,False,0.0,1,
tpch,1,0.3,1gpu,default,True,15,ok,0.031,False,0.0,1,
tpch,1,0.3,1gpu,default,True,16,ok,0.068,False,0.0,18314,
tpch,1,0.3,1gpu,default,True,17,ok,0.035,False,0.0,1,
tpch,1,0.3,1gpu,default,True,18,ok,0.057,False,0.0,57,
tpch,1,0.3,1gpu,default,True,19,ok,0.039,False,0.0,1,
tpch,1,0.3,1gpu,default,True,20,ok,0.064,False,0.0,186,
tpch,1,0.3,1gpu,default,True,21,ok,0.06,False,0.0,100,
tpch,1,0.3,1gpu,default,True,22,ok,0.052,False,0.0,7,
tpch,100,26,1gpu,default,True,1,ok,152.165,True,120.5,4,
tpch,100,26,1gpu,default,True,2,ok,0.516,False,0.2,100,
tpch,100,26,1gpu,default,True,3,ok,0.463,False,0.0,10,
tpch,100,26,1gpu,default,True,4,ok,0.289,False,0.0,5,
tpch,100,26,1gpu,default,True,5,ok,0.753,False,0.0,5,
tpch,100,26,1gpu,default,True,6,ok,0.254,False,0.0,1,
tpch,100,26,1gpu,default,True,7,ok,0.723,False,0.0,4,
tpch,100,26,1gpu,default,True,8,ok,265.901,True,79.8,2,
tpch,100,26,1gpu,default,True,9,ok,386.666,True,121.6,175,
tpch,100,26,1gpu,default,True,10,ok,273.709,True,187.0,20,
tpch,100,26,1gpu,default,True,11,ok,0.139,False,0.0,92698,
tpch,100,26,1gpu,default,True,12,ok,0.37,False,0.0,2,
tpch,100,26,1gpu,default,True,13,ok,0.659,False,0.0,45,
tpch,100,26,1gpu,default,True,14,ok,0.372,False,0.0,1,
tpch,100,26,1gpu,default,True,15,ok,0.359,False,0.0,1,
tpch,100,26,1gpu,default,True,16,ok,0.416,False,0.0,27840,
tpch,100,26,1gpu,default,True,17,ok,0.343,False,0.0,1,
tpch,100,26,1gpu,default,True,18,ok,0.437,False,0.0,100,
tpch,100,26,1gpu,default,True,19,ok,0.532,False,0.0,1,
tpch,100,26,1gpu,default,True,20,ok,0.569,False,0.0,17971,
tpch,100,26,1gpu,default,True,21,ok,52.721,True,40.5,100,
tpch,100,26,1gpu,default,True,22,ok,0.15,False,0.0,7,
tpch,300,78,1gpu,default,True,1,ok,313.509,True,335.5,4,
tpch,300,78,1gpu,default,True,2,ok,1.228,False,-30.1,100,
tpch,300,78,1gpu,default,True,3,ok,53.959,True,29.5,10,
tpch,300,78,1gpu,default,True,4,ok,92.593,True,35.0,5,
tpch,300,78,1gpu,default,True,5,ok,299.663,True,76.1,5,
tpch,300,78,1gpu,default,True,6,ok,50.025,True,113.5,1,
tpch,300,78,1gpu,default,True,7,ok,463.253,False,-39.7,4,
tpch,300,78,1gpu,default,True,8,error,,,,,_Timeout: exceeded 600s
tpch,300,78,1gpu,default,True,9,error,,,,,_Timeout: exceeded 600s
tpch,300,78,1gpu,default,True,10,error,,,,,_Timeout: exceeded 600s
tpch,300,78,1gpu,default,True,11,ok,0.357,False,0.0,280546,
tpch,300,78,1gpu,default,True,12,ok,74.276,False,-41.3,2,
tpch,300,78,1gpu,default,True,13,ok,114.267,True,75.8,44,
tpch,300,78,1gpu,default,True,14,ok,38.326,True,92.6,1,
tpch,300,78,1gpu,default,True,15,ok,43.705,False,-0.0,1,
tpch,300,78,1gpu,default,True,16,ok,2.215,False,-35.7,27840,
tpch,300,78,1gpu,default,True,17,ok,180.543,True,40.4,1,
tpch,300,78,1gpu,default,True,18,ok,245.77,True,26.8,100,
tpch,300,78,1gpu,default,True,19,ok,78.711,True,58.4,1,
tpch,300,78,1gpu,default,True,20,ok,42.65,False,-0.8,52347,
tpch,300,78,1gpu,default,True,21,ok,531.512,True,151.1,100,
tpch,300,78,1gpu,default,True,22,ok,0.372,False,0.0,7,
tpch,1,0.3,8gpu,pool,True,1,ok,2.284,False,0.6,4,
tpch,1,0.3,8gpu,pool,True,2,ok,0.571,False,0.1,100,
tpch,1,0.3,8gpu,pool,True,3,ok,0.371,False,0.0,10,
tpch,1,0.3,8gpu,pool,True,4,ok,0.286,False,0.0,5,
tpch,1,0.3,8gpu,pool,True,5,ok,0.439,False,0.0,5,
tpch,1,0.3,8gpu,pool,True,6,ok,0.051,False,0.0,1,
tpch,1,0.3,8gpu,pool,True,7,ok,0.864,False,0.0,4,
tpch,1,0.3,8gpu,pool,True,8,ok,0.735,False,0.0,2,
tpch,1,0.3,8gpu,pool,True,9,ok,0.576,False,0.0,175,
tpch,1,0.3,8gpu,pool,True,10,ok,0.553,False,0.0,20,
tpch,1,0.3,8gpu,pool,True,11,ok,0.279,False,0.0,1048,
tpch,1,0.3,8gpu,pool,True,12,ok,0.234,False,0.1,2,
tpch,1,0.3,8gpu,pool,True,13,ok,0.339,False,0.0,42,
tpch,1,0.3,8gpu,pool,True,14,ok,0.144,False,0.1,1,
tpch,1,0.3,8gpu,pool,True,15,ok,0.225,False,0.0,1,
tpch,1,0.3,8gpu,pool,True,16,ok,0.331,False,0.0,18314,
tpch,1,0.3,8gpu,pool,True,17,ok,0.301,False,0.0,1,
tpch,1,0.3,8gpu,pool,True,18,ok,0.528,False,0.0,57,
tpch,1,0.3,8gpu,pool,True,19,ok,0.181,False,0.0,1,
tpch,1,0.3,8gpu,pool,True,20,ok,0.523,False,0.0,186,
tpch,1,0.3,8gpu,pool,True,21,ok,0.713,False,0.0,100,
tpch,1,0.3,8gpu,pool,True,22,ok,0.233,False,0.0,7,
tpch,100,26,8gpu,pool,True,1,ok,1.819,False,0.7,4,
tpch,100,26,8gpu,pool,True,2,ok,0.898,False,0.0,100,
tpch,100,26,8gpu,pool,True,3,ok,1.245,False,0.1,10,
tpch,100,26,8gpu,pool,True,4,ok,0.484,False,0.0,5,
tpch,100,26,8gpu,pool,True,5,ok,1.336,False,0.0,5,
tpch,100,26,8gpu,pool,True,6,ok,0.199,False,0.0,1,
tpch,100,26,8gpu,pool,True,7,ok,2.865,False,0.0,4,
tpch,100,26,8gpu,pool,True,8,ok,2.146,False,0.0,2,
tpch,100,26,8gpu,pool,True,9,ok,2.235,False,0.0,175,
tpch,100,26,8gpu,pool,True,10,ok,1.474,False,0.1,20,
tpch,100,26,8gpu,pool,True,11,ok,0.386,False,0.0,92698,
tpch,100,26,8gpu,pool,True,12,ok,0.455,False,0.1,2,
tpch,100,26,8gpu,pool,True,13,ok,0.939,False,0.0,45,
tpch,100,26,8gpu,pool,True,14,ok,0.541,False,0.1,1,
tpch,100,26,8gpu,pool,True,15,ok,0.506,False,0.0,1,
tpch,100,26,8gpu,pool,True,16,ok,0.814,False,0.0,27840,
tpch,100,26,8gpu,pool,True,17,ok,1.03,False,0.1,1,
tpch,100,26,8gpu,pool,True,18,ok,1.404,False,0.0,100,
tpch,100,26,8gpu,pool,True,19,ok,0.755,False,0.0,1,
tpch,100,26,8gpu,pool,True,20,ok,1.266,False,0.0,17971,
tpch,100,26,8gpu,pool,True,21,ok,1.749,False,0.0,100,
tpch,100,26,8gpu,pool,True,22,ok,0.478,False,0.0,7,
tpch,300,78,8gpu,pool,True,1,ok,2.375,False,0.8,4,
tpch,300,78,8gpu,pool,True,2,ok,1.095,False,0.0,100,
tpch,300,78,8gpu,pool,True,3,ok,1.954,False,0.1,10,
tpch,300,78,8gpu,pool,True,4,ok,0.825,False,0.0,5,
tpch,300,78,8gpu,pool,True,5,ok,2.706,False,0.0,5,
tpch,300,78,8gpu,pool,True,6,ok,0.499,False,0.0,1,
tpch,300,78,8gpu,pool,True,7,ok,5.018,False,0.0,4,
tpch,300,78,8gpu,pool,True,8,ok,3.612,False,0.0,2,
tpch,300,78,8gpu,pool,True,9,ok,4.227,False,0.0,175,
tpch,300,78,8gpu,pool,True,10,ok,2.416,False,0.2,20,
tpch,300,78,8gpu,pool,True,11,ok,0.452,False,0.0,280546,
tpch,300,78,8gpu,pool,True,12,ok,0.802,False,0.1,2,
tpch,300,78,8gpu,pool,True,13,ok,1.754,False,0.0,44,
tpch,300,78,8gpu,pool,True,14,ok,0.996,False,0.1,1,
tpch,300,78,8gpu,pool,True,15,ok,0.909,False,0.0,1,
tpch,300,78,8gpu,pool,True,16,ok,0.956,False,0.0,27840,
tpch,300,78,8gpu,pool,True,17,ok,1.805,False,0.1,1,
tpch,300,78,8gpu,pool,True,18,ok,2.227,False,0.0,100,
tpch,300,78,8gpu,pool,True,19,ok,1.349,False,0.0,1,
tpch,300,78,8gpu,pool,True,20,ok,1.998,False,0.0,52347,
tpch,300,78,8gpu,pool,True,21,ok,2.968,False,0.0,100,
tpch,300,78,8gpu,pool,True,22,ok,0.653,False,0.0,7,
tpch,500,174,8gpu,pool,True,1,error,,,,,OOMFallbackError: Falling back to the slow path. The exception was std::bad_alloc: out_of_memory: RMM failur
tpch,500,174,8gpu,pool,True,2,ok,1.638,False,0.2,100,
tpch,500,174,8gpu,pool,True,3,ok,6.424,False,0.1,10,
tpch,500,174,8gpu,pool,True,4,ok,1.193,False,0.1,5,
tpch,500,174,8gpu,pool,True,5,ok,5.303,False,-0.0,5,
tpch,500,174,8gpu,pool,True,6,ok,0.77,False,0.1,1,
tpch,500,174,8gpu,pool,True,7,ok,11.443,False,0.0,4,
tpch,500,174,8gpu,pool,True,8,ok,14.609,False,0.1,2,
tpch,500,174,8gpu,pool,True,9,ok,12.886,False,-0.0,175,
tpch,500,174,8gpu,pool,True,10,ok,11.969,False,0.1,20,
tpch,500,174,8gpu,pool,True,11,ok,0.582,False,0.0,467405,
tpch,500,174,8gpu,pool,True,12,ok,1.217,False,0.0,2,
tpch,500,174,8gpu,pool,True,13,ok,4.731,False,0.0,40,
tpch,500,174,8gpu,pool,True,14,ok,1.547,False,0.1,1,
tpch,500,174,8gpu,pool,True,15,ok,1.367,False,0.1,1,
tpch,500,174,8gpu,pool,True,16,ok,1.305,False,0.0,27840,
tpch,500,174,8gpu,pool,True,17,ok,4.561,False,0.1,1,
tpch,500,174,8gpu,pool,True,18,ok,11.157,False,0.0,100,
tpch,500,174,8gpu,pool,True,19,ok,2.055,False,0.0,1,
tpch,500,174,8gpu,pool,True,20,ok,2.881,False,0.0,72343,
tpch,500,174,8gpu,pool,True,21,ok,9.28,False,0.0,100,
tpch,500,174,8gpu,pool,True,22,ok,0.948,False,-0.0,7,
tpch,1000,347,8gpu,pool,True,1,error,,,,,OOMFallbackError: Falling back to the slow path. The exception was std::bad_alloc: out_of_memory: RMM failur
tpch,1000,347,8gpu,pool,True,2,ok,2.302,False,0.3,100,
tpch,1000,347,8gpu,pool,True,3,ok,9.298,False,0.2,10,
tpch,1000,347,8gpu,pool,True,4,ok,2.25,False,0.0,5,
tpch,1000,347,8gpu,pool,True,5,error,,,,,MemoryError: std::bad_alloc: out_of_memory: RMM failure at:/tmp/conda-bld-output/bld/rattler-build_libr
tpch,1000,347,8gpu,pool,True,6,ok,1.608,False,0.2,1,
tpch,1000,347,8gpu,pool,True,7,error,,,,,MemoryError: std::bad_alloc: out_of_memory: RMM failure at:/tmp/conda-bld-output/bld/rattler-build_libr
tpch,1000,347,8gpu,pool,True,8,error,,,,,MemoryError: std::bad_alloc: out_of_memory: RMM failure at:/tmp/conda-bld-output/bld/rattler-build_libr
tpch,1000,347,8gpu,pool,True,9,error,,,,,MemoryError: std::bad_alloc: out_of_memory: RMM failure at:/tmp/conda-bld-output/bld/rattler-build_libr
tpch,1000,347,8gpu,pool,True,10,ok,15.352,False,0.0,20,
tpch,1000,347,8gpu,pool,True,11,ok,0.791,False,-0.1,936989,
tpch,1000,347,8gpu,pool,True,12,ok,2.27,False,0.3,2,
tpch,1000,347,8gpu,pool,True,13,error,,,,,MemoryError: std::bad_alloc: out_of_memory: RMM failure at:/tmp/conda-bld-output/bld/rattler-build_libr
tpch,1000,347,8gpu,pool,True,14,ok,2.881,False,0.3,1,
tpch,1000,347,8gpu,pool,True,15,ok,2.712,False,0.1,1,
tpch,1000,347,8gpu,pool,True,16,ok,1.829,False,-0.1,27840,
tpch,1000,347,8gpu,pool,True,17,ok,7.169,False,0.3,1,
tpch,1000,347,8gpu,pool,True,18,ok,13.149,False,-0.2,100,
tpch,1000,347,8gpu,pool,True,19,ok,4.058,False,0.2,1,
tpch,1000,347,8gpu,pool,True,20,ok,9.113,False,-0.2,112013,
tpch,1000,347,8gpu,pool,True,21,error,,,,,MemoryError: std::bad_alloc: out_of_memory: RMM failure at:/tmp/conda-bld-output/bld/rattler-build_libr[616444][02:40:27:852055][error ] [A][Stream 0x1][Upstream 3791996672B][FAILURE maximum pool size
tpch,1000,347,8gpu,pool,True,22,ok,1.327,False,-0.0,7,
tpch,500,174,8gpu,managed,True,1,ok,8.414,False,1.5,4,
tpch,500,174,8gpu,managed,True,2,ok,9.771,False,0.2,100,
tpch,500,174,8gpu,managed,True,3,ok,25.552,False,0.1,10,
tpch,500,174,8gpu,managed,True,4,ok,3.085,False,0.0,5,
tpch,500,174,8gpu,managed,True,5,ok,28.737,False,0.0,5,
tpch,500,174,8gpu,managed,True,6,ok,0.785,False,0.0,1,
tpch,500,174,8gpu,managed,True,7,ok,55.323,False,0.1,4,
tpch,500,174,8gpu,managed,True,8,ok,31.463,False,0.0,2,
tpch,500,174,8gpu,managed,True,9,ok,40.935,False,0.1,175,
tpch,500,174,8gpu,managed,True,10,ok,14.1,False,0.1,20,
tpch,500,174,8gpu,managed,True,11,ok,1.823,False,0.0,467405,
tpch,500,174,8gpu,managed,True,12,ok,2.414,False,0.0,2,
tpch,500,174,8gpu,managed,True,13,ok,18.154,False,0.1,40,
tpch,500,174,8gpu,managed,True,14,ok,2.559,False,0.0,1,
tpch,500,174,8gpu,managed,True,15,ok,1.69,False,0.1,1,
tpch,500,174,8gpu,managed,True,16,ok,5.943,False,0.1,27840,
tpch,500,174,8gpu,managed,True,17,ok,16.292,False,0.1,1,
tpch,500,174,8gpu,managed,True,18,ok,18.867,False,0.1,100,
tpch,500,174,8gpu,managed,True,19,ok,4.188,False,0.0,1,
tpch,500,174,8gpu,managed,True,20,ok,8.112,False,0.0,72343,
tpch,500,174,8gpu,managed,True,21,ok,18.256,False,0.0,100,
tpch,500,174,8gpu,managed,True,22,ok,3.562,False,0.0,7,
tpch,1000,347,8gpu,managed,True,1,ok,48.323,False,1.9,4,
tpch,1000,347,8gpu,managed,True,2,ok,10.228,False,0.2,100,
tpch,1000,347,8gpu,managed,True,3,ok,40.816,False,0.2,10,
tpch,1000,347,8gpu,managed,True,4,ok,12.735,False,0.0,5,
tpch,1000,347,8gpu,managed,True,5,ok,57.663,False,0.0,5,
tpch,1000,347,8gpu,managed,True,6,ok,3.84,False,0.1,1,
tpch,1000,347,8gpu,managed,True,7,ok,159.3,False,0.1,4,
tpch,1000,347,8gpu,managed,True,8,ok,86.117,False,0.1,2,
tpch,1000,347,8gpu,managed,True,9,ok,114.4,False,0.0,175,
tpch,1000,347,8gpu,managed,True,10,ok,37.484,False,0.7,20,
tpch,1000,347,8gpu,managed,True,11,ok,3.733,False,-0.0,936989,
tpch,1000,347,8gpu,managed,True,12,ok,12.468,False,-0.0,2,
tpch,1000,347,8gpu,managed,True,13,ok,49.508,False,0.1,30,
tpch,1000,347,8gpu,managed,True,14,ok,9.862,False,0.1,1,
tpch,1000,347,8gpu,managed,True,15,ok,8.208,False,0.1,1,
tpch,1000,347,8gpu,managed,True,16,ok,10.272,False,0.0,27840,
tpch,1000,347,8gpu,managed,True,17,ok,42.234,False,0.1,1,
tpch,1000,347,8gpu,managed,True,18,ok,48.228,False,0.0,100,
tpch,1000,347,8gpu,managed,True,19,ok,17.043,False,0.1,1,
tpch,1000,347,8gpu,managed,True,20,ok,25.104,False,-0.0,112013,
tpch,1000,347,8gpu,managed,True,21,ok,92.621,False,0.1,100,
tpch,1000,347,8gpu,managed,True,22,ok,7.148,False,0.0,7,
tpcds,1,0.266,cpu,none,True,1,ok,0.13,True,0.1,100,
tpcds,1,0.266,cpu,none,True,2,ok,0.96,True,0.1,2513,
tpcds,1,0.266,cpu,none,True,3,ok,0.616,True,0.1,89,
tpcds,1,0.266,cpu,none,True,4,ok,5.85,True,0.2,6,
tpcds,1,0.266,cpu,none,True,5,ok,2.139,True,0.0,100,
tpcds,1,0.266,cpu,none,True,6,ok,0.08,True,0.0,46,
tpcds,1,0.266,cpu,none,True,7,ok,2.228,True,0.1,100,
tpcds,1,0.266,cpu,none,True,8,ok,0.567,True,0.1,5,
tpcds,1,0.266,cpu,none,True,9,ok,1.953,True,-0.0,1,
tpcds,1,0.266,cpu,none,True,10,ok,0.293,True,0.1,6,
tpcds,1,0.266,cpu,none,True,11,ok,1.671,True,0.0,90,
tpcds,1,0.266,cpu,none,True,12,ok,0.205,True,0.1,100,
tpcds,1,0.266,cpu,none,True,13,ok,2.635,True,0.1,1,
tpcds,1,0.266,cpu,none,True,14,ok,1.702,True,0.0,100,
tpcds,1,0.266,cpu,none,True,15,ok,0.3,True,0.0,100,
tpcds,1,0.266,cpu,none,True,16,ok,0.675,True,0.0,1,
tpcds,1,0.266,cpu,none,True,17,ok,0.3,True,-0.0,0,
tpcds,1,0.266,cpu,none,True,18,ok,1.266,True,0.0,100,
tpcds,1,0.266,cpu,none,True,19,ok,0.564,True,0.0,100,
tpcds,1,0.266,cpu,none,True,20,ok,0.442,True,0.0,100,
tpcds,1,0.266,cpu,none,True,21,ok,0.242,True,0.1,100,
tpcds,1,0.266,cpu,none,True,22,ok,0.579,True,-0.0,100,
tpcds,1,0.266,cpu,none,True,23,ok,2.002,True,0.1,4,
tpcds,1,0.266,cpu,none,True,24,ok,0.728,True,0.0,1,
tpcds,1,0.266,cpu,none,True,25,ok,1.362,True,0.0,1,
tpcds,1,0.266,cpu,none,True,26,ok,0.847,True,0.0,100,
tpcds,1,0.266,cpu,none,True,27,ok,1.622,True,-0.0,100,
tpcds,1,0.266,cpu,none,True,28,ok,2.049,True,0.0,1,
tpcds,1,0.266,cpu,none,True,29,ok,0.265,True,0.0,1,
tpcds,1,0.266,cpu,none,True,30,ok,0.051,True,0.0,100,
tpcds,1,0.266,cpu,none,True,31,ok,1.0,True,-0.0,44,
tpcds,1,0.266,cpu,none,True,32,ok,0.411,True,0.0,1,
tpcds,1,0.266,cpu,none,True,33,ok,1.303,True,0.1,100,
tpcds,1,0.266,cpu,none,True,34,ok,0.092,True,0.0,455,
tpcds,1,0.266,cpu,none,True,35,ok,0.278,True,-0.0,100,
tpcds,1,0.266,cpu,none,True,36,ok,1.585,True,0.0,100,
tpcds,1,0.266,cpu,none,True,37,ok,0.201,True,0.0,1,
tpcds,1,0.266,cpu,none,True,38,ok,0.283,True,0.0,1,
tpcds,1,0.266,cpu,none,True,39,ok,1.202,True,0.0,243,
tpcds,1,0.266,cpu,none,True,40,ok,0.565,True,0.0,100,
tpcds,1,0.266,cpu,none,True,41,ok,0.013,True,-0.0,4,
tpcds,1,0.266,cpu,none,True,42,ok,0.549,True,0.0,10,
tpcds,1,0.266,cpu,none,True,43,ok,0.685,True,0.0,6,
tpcds,1,0.266,cpu,none,True,44,ok,0.637,True,0.0,10,
tpcds,1,0.266,cpu,none,True,45,ok,0.172,True,0.0,19,
tpcds,1,0.266,cpu,none,True,46,ok,1.156,True,-0.0,100,
tpcds,1,0.266,cpu,none,True,47,ok,1.045,True,0.1,100,
tpcds,1,0.266,cpu,none,True,48,ok,1.928,True,-0.0,1,
tpcds,1,0.266,cpu,none,True,49,ok,2.876,True,0.1,34,
tpcds,1,0.266,cpu,none,True,50,ok,0.232,True,-0.0,6,
tpcds,1,0.266,cpu,none,True,51,ok,0.937,True,0.1,100,
tpcds,1,0.266,cpu,none,True,52,ok,0.551,True,0.0,100,
tpcds,1,0.266,cpu,none,True,53,ok,0.537,True,0.0,100,
tpcds,1,0.266,cpu,none,True,54,ok,0.589,True,0.0,1,
tpcds,1,0.266,cpu,none,True,55,ok,0.515,True,0.0,100,
tpcds,1,0.266,cpu,none,True,56,ok,0.983,True,0.0,100,
tpcds,1,0.266,cpu,none,True,57,ok,0.479,True,0.0,100,
tpcds,1,0.266,cpu,none,True,58,ok,1.111,True,0.0,5,
tpcds,1,0.266,cpu,none,True,59,ok,1.179,True,-0.0,100,
tpcds,1,0.266,cpu,none,True,60,ok,0.943,True,0.0,100,
tpcds,1,0.266,cpu,none,True,61,ok,0.557,True,0.0,1,
tpcds,1,0.266,cpu,none,True,62,ok,0.056,True,-0.0,100,
tpcds,1,0.266,cpu,none,True,63,ok,0.505,True,-0.0,100,
tpcds,1,0.266,cpu,none,True,64,ok,3.026,True,0.1,2,
tpcds,1,0.266,cpu,none,True,65,ok,0.665,True,0.0,100,
tpcds,1,0.266,cpu,none,True,66,ok,1.118,True,0.0,5,
tpcds,1,0.266,cpu,none,True,67,ok,1.099,True,0.0,100,
tpcds,1,0.266,cpu,none,True,68,ok,1.532,True,0.0,100,
tpcds,1,0.266,cpu,none,True,69,ok,0.246,True,0.0,100,
tpcds,1,0.266,cpu,none,True,70,ok,0.69,True,0.0,3,
tpcds,1,0.266,cpu,none,True,71,ok,1.026,True,0.0,1031,
tpcds,1,0.266,cpu,none,True,72,ok,0.307,True,0.0,100,
tpcds,1,0.266,cpu,none,True,73,ok,0.076,True,0.0,1,
tpcds,1,0.266,cpu,none,True,74,ok,1.391,True,-0.0,92,
tpcds,1,0.266,cpu,none,True,75,ok,1.392,True,0.1,100,
tpcds,1,0.266,cpu,none,True,76,ok,1.001,True,0.0,100,
tpcds,1,0.266,cpu,none,True,77,ok,2.256,True,0.0,44,
tpcds,1,0.266,cpu,none,True,78,ok,3.109,True,0.0,100,
tpcds,1,0.266,cpu,none,True,79,ok,1.158,True,0.0,100,
tpcds,1,0.266,cpu,none,True,80,ok,2.653,True,0.0,100,
tpcds,1,0.266,cpu,none,True,81,ok,0.104,True,-0.0,100,
tpcds,1,0.266,cpu,none,True,82,ok,0.193,True,0.0,2,
tpcds,1,0.266,cpu,none,True,83,ok,0.042,True,0.0,24,
tpcds,1,0.266,cpu,none,True,84,ok,0.171,True,0.0,16,
tpcds,1,0.266,cpu,none,True,85,ok,0.553,True,0.0,1,
tpcds,1,0.266,cpu,none,True,86,ok,0.225,True,0.0,100,
tpcds,1,0.266,cpu,none,True,87,ok,0.225,True,0.0,1,
tpcds,1,0.266,cpu,none,True,88,ok,0.09,True,0.0,1,
tpcds,1,0.266,cpu,none,True,89,ok,0.592,True,-0.0,100,
tpcds,1,0.266,cpu,none,True,90,ok,0.022,True,0.0,1,
tpcds,1,0.266,cpu,none,True,91,ok,0.135,True,0.0,2,
tpcds,1,0.266,cpu,none,True,92,ok,0.192,True,0.0,1,
tpcds,1,0.266,cpu,none,True,93,ok,0.548,True,0.0,100,
tpcds,1,0.266,cpu,none,True,94,ok,0.377,True,0.0,1,
tpcds,1,0.266,cpu,none,True,95,ok,0.337,True,0.0,1,
tpcds,1,0.266,cpu,none,True,96,ok,0.055,True,0.0,1,
tpcds,1,0.266,cpu,none,True,97,ok,0.269,True,-0.0,1,
tpcds,1,0.266,cpu,none,True,98,ok,0.694,True,0.0,2521,
tpcds,1,0.266,cpu,none,True,99,ok,0.094,True,-0.0,90,
tpcds,10,2.6,cpu,none,True,1,ok,1.082,True,0.1,100,
tpcds,10,2.6,cpu,none,True,2,ok,7.309,True,0.4,2513,
tpcds,10,2.6,cpu,none,True,3,ok,5.837,True,0.7,100,
tpcds,10,2.6,cpu,none,True,4,ok,56.868,True,-0.2,100,
tpcds,10,2.6,cpu,none,True,5,ok,21.183,True,0.0,100,
tpcds,10,2.6,cpu,none,True,6,ok,0.541,True,0.5,51,
tpcds,10,2.6,cpu,none,True,7,ok,20.848,True,-0.6,100,
tpcds,10,2.6,cpu,none,True,8,ok,5.162,True,0.9,9,
tpcds,10,2.6,cpu,none,True,9,ok,16.323,True,-0.6,1,
tpcds,10,2.6,cpu,none,True,10,ok,1.166,True,-0.2,100,
tpcds,10,2.6,cpu,none,True,11,ok,17.413,True,-0.1,100,
tpcds,10,2.6,cpu,none,True,12,ok,1.862,True,0.2,100,
tpcds,10,2.6,cpu,none,True,13,ok,24.402,True,-0.1,1,
tpcds,10,2.6,cpu,none,True,14,ok,17.833,True,0.0,100,
tpcds,10,2.6,cpu,none,True,15,ok,2.697,True,0.0,100,
tpcds,10,2.6,cpu,none,True,16,ok,7.443,True,0.0,1,
tpcds,10,2.6,cpu,none,True,17,ok,4.391,True,1.4,0,
tpcds,10,2.6,cpu,none,True,18,ok,10.757,True,0.5,100,
tpcds,10,2.6,cpu,none,True,19,ok,5.589,True,0.2,100,
tpcds,10,2.6,cpu,none,True,20,ok,4.133,True,0.0,100,
tpcds,10,2.6,cpu,none,True,21,ok,1.715,True,2.1,100,
tpcds,10,2.6,cpu,none,True,22,ok,6.052,True,0.2,100,
tpcds,10,2.6,cpu,none,True,23,ok,21.955,True,0.1,100,
tpcds,10,2.6,cpu,none,True,24,ok,7.967,True,-0.0,5,
tpcds,10,2.6,cpu,none,True,25,ok,13.7,True,0.1,2,
tpcds,10,2.6,cpu,none,True,26,ok,7.754,True,-0.0,100,
tpcds,10,2.6,cpu,none,True,27,ok,14.577,True,0.1,100,
tpcds,10,2.6,cpu,none,True,28,ok,19.965,True,-0.0,1,
tpcds,10,2.6,cpu,none,True,29,ok,3.128,True,0.0,8,
tpcds,10,2.6,cpu,none,True,30,ok,0.315,True,0.1,100,
tpcds,10,2.6,cpu,none,True,31,ok,9.621,True,-0.0,307,
tpcds,10,2.6,cpu,none,True,32,ok,3.67,True,0.0,1,
tpcds,10,2.6,cpu,none,True,33,ok,13.396,True,-0.0,100,
tpcds,10,2.6,cpu,none,True,34,ok,0.878,True,-0.0,1560,
tpcds,10,2.6,cpu,none,True,35,ok,1.285,True,0.0,100,
tpcds,10,2.6,cpu,none,True,36,ok,15.531,True,0.0,100,
tpcds,10,2.6,cpu,none,True,37,ok,1.936,True,0.0,2,
tpcds,10,2.6,cpu,none,True,38,ok,2.504,True,-0.0,1,
tpcds,10,2.6,cpu,none,True,39,ok,11.037,True,0.2,2433,
tpcds,10,2.6,cpu,none,True,40,ok,7.112,True,-0.0,100,
tpcds,10,2.6,cpu,none,True,41,ok,0.036,True,-0.0,41,
tpcds,10,2.6,cpu,none,True,42,ok,5.509,True,-0.0,11,
tpcds,10,2.6,cpu,none,True,43,ok,5.673,True,0.0,18,
tpcds,10,2.6,cpu,none,True,44,ok,5.329,True,0.0,10,
tpcds,10,2.6,cpu,none,True,45,ok,1.549,True,-0.0,49,
tpcds,10,2.6,cpu,none,True,46,ok,10.084,True,0.0,100,
tpcds,10,2.6,cpu,none,True,47,ok,8.989,True,0.0,100,
tpcds,10,2.6,cpu,none,True,48,ok,16.627,True,-0.0,1,
tpcds,10,2.6,cpu,none,True,49,ok,29.683,True,0.0,46,
tpcds,10,2.6,cpu,none,True,50,ok,3.026,True,0.0,51,
tpcds,10,2.6,cpu,none,True,51,ok,9.643,True,-0.0,100,
tpcds,10,2.6,cpu,none,True,52,ok,5.48,True,0.0,100,
tpcds,10,2.6,cpu,none,True,53,ok,5.377,True,-0.0,100,
tpcds,10,2.6,cpu,none,True,54,ok,5.902,True,0.0,1,
tpcds,10,2.6,cpu,none,True,55,ok,5.47,True,0.0,100,
tpcds,10,2.6,cpu,none,True,56,ok,9.586,True,0.0,100,
tpcds,10,2.6,cpu,none,True,57,ok,4.85,True,-0.0,100,
tpcds,10,2.6,cpu,none,True,58,ok,10.858,True,0.0,31,
tpcds,10,2.6,cpu,none,True,59,ok,10.831,True,-0.0,100,
tpcds,10,2.6,cpu,none,True,60,ok,9.158,True,0.0,100,
tpcds,10,2.6,cpu,none,True,61,ok,5.589,True,-0.0,1,
tpcds,10,2.6,cpu,none,True,62,ok,0.527,True,-0.0,100,
tpcds,10,2.6,cpu,none,True,63,ok,4.833,True,0.0,100,
tpcds,10,2.6,cpu,none,True,64,ok,27.844,True,0.1,28,
tpcds,10,2.6,cpu,none,True,65,ok,6.531,True,0.0,100,
tpcds,10,2.6,cpu,none,True,66,ok,11.585,True,-0.1,10,
tpcds,10,2.6,cpu,none,True,67,ok,12.479,True,0.0,100,
tpcds,10,2.6,cpu,none,True,68,ok,14.563,True,-0.0,100,
tpcds,10,2.6,cpu,none,True,69,ok,0.953,True,0.0,100,
tpcds,10,2.6,cpu,none,True,70,ok,6.783,True,0.0,7,
tpcds,10,2.6,cpu,none,True,71,ok,9.206,True,-0.0,9655,
tpcds,10,2.6,cpu,none,True,72,ok,3.336,True,0.1,100,
tpcds,10,2.6,cpu,none,True,73,ok,0.617,True,-0.0,17,
tpcds,10,2.6,cpu,none,True,74,ok,13.356,True,0.0,100,
tpcds,10,2.6,cpu,none,True,75,ok,14.862,True,0.0,100,
tpcds,10,2.6,cpu,none,True,76,ok,9.928,True,0.0,100,
tpcds,10,2.6,cpu,none,True,77,ok,22.282,True,0.0,100,
tpcds,10,2.6,cpu,none,True,78,ok,37.769,True,-0.1,100,
tpcds,10,2.6,cpu,none,True,79,ok,10.739,True,0.0,100,
tpcds,10,2.6,cpu,none,True,80,ok,29.661,True,0.0,100,
tpcds,10,2.6,cpu,none,True,81,ok,0.599,True,0.1,100,
tpcds,10,2.6,cpu,none,True,82,ok,1.973,True,-0.0,6,
tpcds,10,2.6,cpu,none,True,83,ok,0.111,True,-0.0,100,
tpcds,10,2.6,cpu,none,True,84,ok,0.349,True,-0.1,100,
tpcds,10,2.6,cpu,none,True,85,ok,4.376,True,0.0,15,
tpcds,10,2.6,cpu,none,True,86,ok,1.87,True,0.0,100,
tpcds,10,2.6,cpu,none,True,87,ok,2.378,True,-0.0,1,
tpcds,10,2.6,cpu,none,True,88,ok,0.826,True,-0.0,1,
tpcds,10,2.6,cpu,none,True,89,ok,5.441,True,0.1,100,
tpcds,10,2.6,cpu,none,True,90,ok,0.159,True,-0.1,1,
tpcds,10,2.6,cpu,none,True,91,ok,0.442,True,0.0,12,
tpcds,10,2.6,cpu,none,True,92,ok,1.493,True,0.0,1,
tpcds,10,2.6,cpu,none,True,93,ok,5.718,True,0.0,100,
tpcds,10,2.6,cpu,none,True,94,ok,3.444,True,-0.1,1,
tpcds,10,2.6,cpu,none,True,95,ok,3.187,True,0.0,1,
tpcds,10,2.6,cpu,none,True,96,ok,0.516,True,0.0,1,
tpcds,10,2.6,cpu,none,True,97,ok,4.95,True,0.0,1,
tpcds,10,2.6,cpu,none,True,98,ok,6.282,True,0.0,15076,
tpcds,10,2.6,cpu,none,True,99,ok,1.272,True,-0.0,100,
tpcds,1,0.266,1gpu,default,True,1,ok,1.195,False,0.3,100,
tpcds,1,0.266,1gpu,default,True,2,ok,8.685,False,1.0,2513,
tpcds,1,0.266,1gpu,default,True,3,ok,4.812,False,0.4,89,
tpcds,1,0.266,1gpu,default,True,4,ok,40.604,False,0.1,6,
tpcds,1,0.266,1gpu,default,True,5,ok,19.451,False,0.2,100,
tpcds,1,0.266,1gpu,default,True,6,ok,0.189,False,0.1,46,
tpcds,1,0.266,1gpu,default,True,7,ok,23.379,False,0.3,100,
tpcds,1,0.266,1gpu,default,True,8,ok,4.724,False,0.4,5,
tpcds,1,0.266,1gpu,default,True,9,ok,17.262,False,0.7,1,
tpcds,1,0.266,1gpu,default,True,10,error,,,,,TypeError: all inputs must be Index
tpcds,1,0.266,1gpu,default,True,11,ok,12.718,False,0.9,90,
tpcds,1,0.266,1gpu,default,True,12,ok,1.433,False,0.0,100,
tpcds,1,0.266,1gpu,default,True,13,ok,14.416,False,1.7,1,
tpcds,1,0.266,1gpu,default,True,14,ok,15.318,False,0.7,100,
tpcds,1,0.266,1gpu,default,True,15,ok,2.543,False,0.2,100,
tpcds,1,0.266,1gpu,default,True,16,ok,6.407,False,0.4,1,
tpcds,1,0.266,1gpu,default,True,17,ok,0.537,False,0.3,0,
tpcds,1,0.266,1gpu,default,True,18,ok,7.432,False,0.8,100,
tpcds,1,0.266,1gpu,default,True,19,error,,,,,ValueError: Cannot mask with non-boolean array containing NA / NaN values
tpcds,1,0.266,1gpu,default,True,20,ok,4.37,False,0.0,100,
tpcds,1,0.266,1gpu,default,True,21,ok,0.79,False,0.6,100,
tpcds,1,0.266,1gpu,default,True,22,ok,0.79,False,0.3,100,
tpcds,1,0.266,1gpu,default,True,23,ok,19.412,False,0.1,4,
tpcds,1,0.266,1gpu,default,True,24,ok,4.972,False,0.4,1,
tpcds,1,0.266,1gpu,default,True,25,ok,10.331,False,0.4,1,
tpcds,1,0.266,1gpu,default,True,26,ok,5.601,False,0.6,100,
tpcds,1,0.266,1gpu,default,True,27,ok,11.004,False,-0.0,100,
tpcds,1,0.266,1gpu,default,True,28,ok,17.264,False,0.0,1,
tpcds,1,0.266,1gpu,default,True,29,ok,0.473,False,0.0,1,
tpcds,1,0.266,1gpu,default,True,30,ok,0.215,False,0.0,100,
tpcds,1,0.266,1gpu,default,True,31,ok,10.494,False,0.1,44,
tpcds,1,0.266,1gpu,default,True,32,ok,4.203,False,0.2,1,
tpcds,1,0.266,1gpu,default,True,33,ok,14.229,False,0.0,100,
tpcds,1,0.266,1gpu,default,True,34,ok,0.33,False,0.4,455,
tpcds,1,0.266,1gpu,default,True,35,error,,,,,RecursionError: maximum recursion depth exceeded
tpcds,1,0.266,1gpu,default,True,36,ok,13.243,False,0.1,100,
tpcds,1,0.266,1gpu,default,True,37,ok,0.402,False,0.0,1,
tpcds,1,0.266,1gpu,default,True,38,ok,0.403,False,0.2,1,
tpcds,1,0.266,1gpu,default,True,39,ok,1.404,False,0.4,243,
tpcds,1,0.266,1gpu,default,True,40,ok,2.969,False,0.0,100,
tpcds,1,0.266,1gpu,default,True,41,ok,0.042,False,-0.0,4,
tpcds,1,0.266,1gpu,default,True,42,ok,4.752,False,0.3,10,
tpcds,1,0.266,1gpu,default,True,43,ok,5.468,False,0.4,6,
tpcds,1,0.266,1gpu,default,True,44,ok,8.008,False,0.0,10,
tpcds,1,0.266,1gpu,default,True,45,ok,1.27,False,0.1,19,
tpcds,1,0.266,1gpu,default,True,46,ok,7.784,False,0.9,100,
tpcds,1,0.266,1gpu,default,True,47,ok,5.824,False,0.4,100,
tpcds,1,0.266,1gpu,default,True,48,ok,13.117,False,0.3,1,
tpcds,1,0.266,1gpu,default,True,49,ok,24.508,False,0.0,34,
tpcds,1,0.266,1gpu,default,True,50,ok,0.343,False,0.3,6,
tpcds,1,0.266,1gpu,default,True,51,ok,10.696,False,0.5,100,
tpcds,1,0.266,1gpu,default,True,52,ok,4.737,False,0.3,100,
tpcds,1,0.266,1gpu,default,True,53,ok,4.529,False,0.4,100,
tpcds,1,0.266,1gpu,default,True,54,ok,5.232,False,0.9,1,
tpcds,1,0.266,1gpu,default,True,55,ok,4.771,False,0.3,100,
tpcds,1,0.266,1gpu,default,True,56,ok,8.281,False,0.6,100,
tpcds,1,0.266,1gpu,default,True,57,ok,2.95,False,0.0,100,
tpcds,1,0.266,1gpu,default,True,58,ok,8.623,False,0.6,5,
tpcds,1,0.266,1gpu,default,True,59,ok,18.237,False,0.6,100,
tpcds,1,0.266,1gpu,default,True,60,ok,8.53,False,0.4,100,
tpcds,1,0.266,1gpu,default,True,61,ok,4.902,False,0.4,1,
tpcds,1,0.266,1gpu,default,True,62,ok,0.103,False,0.0,100,
tpcds,1,0.266,1gpu,default,True,63,ok,5.087,False,0.4,100,
tpcds,1,0.266,1gpu,default,True,64,ok,21.458,False,0.8,2,
tpcds,1,0.266,1gpu,default,True,65,ok,5.604,False,0.0,100,
tpcds,1,0.266,1gpu,default,True,66,ok,6.902,False,0.0,5,
tpcds,1,0.266,1gpu,default,True,67,ok,6.557,False,0.5,100,
tpcds,1,0.266,1gpu,default,True,68,ok,10.823,False,1.1,100,
tpcds,1,0.266,1gpu,default,True,69,ok,0.378,False,0.2,100,
tpcds,1,0.266,1gpu,default,True,70,ok,5.545,False,0.3,3,
tpcds,1,0.266,1gpu,default,True,71,ok,8.703,False,0.0,1031,
tpcds,1,0.266,1gpu,default,True,72,ok,0.952,False,0.5,100,
tpcds,1,0.266,1gpu,default,True,73,ok,0.215,False,0.3,1,
tpcds,1,0.266,1gpu,default,True,74,ok,10.711,False,0.1,92,
tpcds,1,0.266,1gpu,default,True,75,ok,12.171,False,0.0,100,
tpcds,1,0.266,1gpu,default,True,76,ok,13.916,False,0.0,100,
tpcds,1,0.266,1gpu,default,True,77,ok,16.489,False,0.7,44,
tpcds,1,0.266,1gpu,default,True,78,ok,27.688,False,0.0,100,
tpcds,1,0.266,1gpu,default,True,79,ok,8.439,False,0.0,100,
tpcds,1,0.266,1gpu,default,True,80,ok,16.637,False,0.0,100,
tpcds,1,0.266,1gpu,default,True,81,ok,0.549,False,0.0,100,
tpcds,1,0.266,1gpu,default,True,82,ok,0.398,False,0.1,2,
tpcds,1,0.266,1gpu,default,True,83,ok,0.147,False,0.0,24,
tpcds,1,0.266,1gpu,default,True,84,ok,0.194,False,0.0,16,
tpcds,1,0.266,1gpu,default,True,85,ok,4.18,False,0.0,1,
tpcds,1,0.266,1gpu,default,True,86,ok,1.711,False,0.0,100,
tpcds,1,0.266,1gpu,default,True,87,ok,0.269,False,0.2,1,
tpcds,1,0.266,1gpu,default,True,88,ok,0.148,False,0.2,1,
tpcds,1,0.266,1gpu,default,True,89,ok,4.769,False,0.3,100,
tpcds,1,0.266,1gpu,default,True,90,ok,0.039,False,0.0,1,
tpcds,1,0.266,1gpu,default,True,91,ok,0.46,False,0.0,2,
tpcds,1,0.266,1gpu,default,True,92,ok,1.439,False,0.0,1,
tpcds,1,0.266,1gpu,default,True,93,ok,4.766,False,0.4,100,
tpcds,1,0.266,1gpu,default,True,94,ok,3.535,False,0.1,1,
tpcds,1,0.266,1gpu,default,True,95,ok,2.645,False,0.1,1,
tpcds,1,0.266,1gpu,default,True,96,ok,0.096,False,0.1,1,
tpcds,1,0.266,1gpu,default,True,97,ok,0.32,False,0.2,1,
tpcds,1,0.266,1gpu,default,True,98,ok,5.078,False,0.3,2521,
tpcds,1,0.266,1gpu,default,True,99,ok,0.149,False,-0.0,90,
tpcds,10,2.6,1gpu,default,True,1,ok,8.322,False,0.7,100,
tpcds,10,2.6,1gpu,default,True,2,ok,53.57,True,5.1,2513,
tpcds,10,2.6,1gpu,default,True,3,ok,45.782,True,5.0,100,
tpcds,10,2.6,1gpu,default,True,4,ok,409.08,False,1.1,100,
tpcds,10,2.6,1gpu,default,True,5,ok,191.061,False,-1.2,100,
tpcds,10,2.6,1gpu,default,True,6,ok,1.623,False,1.3,51,
tpcds,10,2.6,1gpu,default,True,7,ok,224.81,False,1.1,100,
tpcds,10,2.6,1gpu,default,True,8,ok,48.253,True,4.8,9,
tpcds,10,2.6,1gpu,default,True,9,ok,171.343,True,8.4,1,
tpcds,10,2.6,1gpu,default,True,10,error,,,,,TypeError: all inputs must be Index
tpcds,10,2.6,1gpu,default,True,11,ok,122.02,True,9.1,100,
tpcds,10,2.6,1gpu,default,True,12,ok,12.235,False,1.4,100,
tpcds,10,2.6,1gpu,default,True,13,ok,137.581,True,15.1,1,
tpcds,10,2.6,1gpu,default,True,14,ok,150.72,True,7.5,100,
tpcds,10,2.6,1gpu,default,True,15,ok,23.346,True,2.5,100,
tpcds,10,2.6,1gpu,default,True,16,ok,64.091,True,4.9,1,
tpcds,10,2.6,1gpu,default,True,17,ok,6.545,True,3.0,0,
tpcds,10,2.6,1gpu,default,True,18,ok,72.544,True,8.1,100,
tpcds,10,2.6,1gpu,default,True,19,error,,,,,ValueError: Cannot mask with non-boolean array containing NA / NaN values
tpcds,10,2.6,1gpu,default,True,20,ok,40.424,False,0.3,100,
tpcds,10,2.6,1gpu,default,True,21,ok,7.662,True,3.7,100,
tpcds,10,2.6,1gpu,default,True,22,ok,7.282,True,3.0,100,
tpcds,10,2.6,1gpu,default,True,23,ok,194.829,False,0.4,100,
tpcds,10,2.6,1gpu,default,True,24,ok,48.912,False,-0.0,5,
tpcds,10,2.6,1gpu,default,True,25,ok,100.274,False,2.0,2,
tpcds,10,2.6,1gpu,default,True,26,ok,54.008,True,7.4,100,
tpcds,10,2.6,1gpu,default,True,27,ok,108.774,False,-1.3,100,
tpcds,10,2.6,1gpu,default,True,28,ok,178.73,False,0.9,1,
tpcds,10,2.6,1gpu,default,True,29,ok,5.873,False,-0.1,8,
tpcds,10,2.6,1gpu,default,True,30,ok,1.689,False,0.3,100,
tpcds,10,2.6,1gpu,default,True,31,ok,96.963,False,1.3,307,
tpcds,10,2.6,1gpu,default,True,32,ok,39.564,True,2.2,1,
tpcds,10,2.6,1gpu,default,True,33,ok,139.549,False,1.0,100,
tpcds,10,2.6,1gpu,default,True,34,ok,2.617,False,1.1,1560,
tpcds,10,2.6,1gpu,default,True,35,error,,,,,RecursionError: maximum recursion depth exceeded
tpcds,10,2.6,1gpu,default,True,36,ok,126.208,False,1.2,100,
tpcds,10,2.6,1gpu,default,True,37,ok,2.827,False,1.1,2,
tpcds,10,2.6,1gpu,default,True,38,ok,3.206,True,2.2,1,
tpcds,10,2.6,1gpu,default,True,39,ok,11.817,False,0.9,2433,
tpcds,10,2.6,1gpu,default,True,40,ok,29.577,False,0.1,100,
tpcds,10,2.6,1gpu,default,True,41,ok,0.045,False,0.0,41,
tpcds,10,2.6,1gpu,default,True,42,ok,45.517,True,4.7,11,
tpcds,10,2.6,1gpu,default,True,43,ok,46.741,True,4.1,18,
tpcds,10,2.6,1gpu,default,True,44,ok,77.551,False,0.1,10,
tpcds,10,2.6,1gpu,default,True,45,ok,12.381,False,-0.8,49,
tpcds,10,2.6,1gpu,default,True,46,ok,75.304,True,8.1,100,
tpcds,10,2.6,1gpu,default,True,47,ok,55.944,True,4.9,100,
tpcds,10,2.6,1gpu,default,True,48,ok,129.391,True,2.3,1,
tpcds,10,2.6,1gpu,default,True,49,ok,244.76,False,0.1,46,
tpcds,10,2.6,1gpu,default,True,50,ok,3.932,False,1.3,51,
tpcds,10,2.6,1gpu,default,True,51,ok,106.773,True,6.2,100,
tpcds,10,2.6,1gpu,default,True,52,ok,45.431,True,4.8,100,
tpcds,10,2.6,1gpu,default,True,53,ok,45.098,True,4.3,100,
tpcds,10,2.6,1gpu,default,True,54,ok,51.565,True,3.8,1,
tpcds,10,2.6,1gpu,default,True,55,ok,45.649,True,4.8,100,
tpcds,10,2.6,1gpu,default,True,56,ok,81.538,True,6.8,100,
tpcds,10,2.6,1gpu,default,True,57,ok,29.286,False,0.5,100,
tpcds,10,2.6,1gpu,default,True,58,ok,83.675,True,6.4,31,
tpcds,10,2.6,1gpu,default,True,59,ok,182.771,True,6.6,100,
tpcds,10,2.6,1gpu,default,True,60,ok,82.297,False,1.8,100,
tpcds,10,2.6,1gpu,default,True,61,ok,47.737,True,4.8,1,
tpcds,10,2.6,1gpu,default,True,62,ok,0.796,False,0.3,100,
tpcds,10,2.6,1gpu,default,True,63,ok,46.648,True,4.1,100,
tpcds,10,2.6,1gpu,default,True,64,ok,221.391,True,3.5,28,
tpcds,10,2.6,1gpu,default,True,65,ok,54.804,True,5.2,100,
tpcds,10,2.6,1gpu,default,True,66,ok,65.809,False,0.2,10,
tpcds,10,2.6,1gpu,default,True,67,ok,64.686,True,6.2,100,
tpcds,10,2.6,1gpu,default,True,68,ok,108.401,True,14.3,100,
tpcds,10,2.6,1gpu,default,True,69,ok,2.023,False,-1.4,100,
tpcds,10,2.6,1gpu,default,True,70,ok,55.286,True,4.4,7,
tpcds,10,2.6,1gpu,default,True,71,ok,81.414,False,0.9,9655,
tpcds,10,2.6,1gpu,default,True,72,ok,10.274,False,-0.1,100,
tpcds,10,2.6,1gpu,default,True,73,ok,2.293,False,1.0,17,
tpcds,10,2.6,1gpu,default,True,74,ok,101.28,False,0.3,100,
tpcds,10,2.6,1gpu,default,True,75,ok,118.707,False,0.0,100,
tpcds,10,2.6,1gpu,default,True,76,ok,133.867,False,0.6,100,
tpcds,10,2.6,1gpu,default,True,77,ok,158.081,True,6.1,100,
tpcds,10,2.6,1gpu,default,True,78,ok,270.917,True,2.1,100,
tpcds,10,2.6,1gpu,default,True,79,ok,81.124,False,0.5,100,
tpcds,10,2.6,1gpu,default,True,80,ok,163.211,False,0.2,100,
tpcds,10,2.6,1gpu,default,True,81,ok,4.588,False,0.1,100,
tpcds,10,2.6,1gpu,default,True,82,ok,2.872,True,2.1,6,
tpcds,10,2.6,1gpu,default,True,83,ok,0.527,False,-3.1,100,
tpcds,10,2.6,1gpu,default,True,84,ok,0.374,False,0.1,100,
tpcds,10,2.6,1gpu,default,True,85,ok,38.22,False,-0.2,15,
tpcds,10,2.6,1gpu,default,True,86,ok,14.024,False,0.2,100,
tpcds,10,2.6,1gpu,default,True,87,ok,2.605,False,1.4,1,
tpcds,10,2.6,1gpu,default,True,88,ok,1.398,True,2.8,1,
tpcds,10,2.6,1gpu,default,True,89,ok,45.984,True,4.6,100,
tpcds,10,2.6,1gpu,default,True,90,ok,0.268,False,0.2,1,
tpcds,10,2.6,1gpu,default,True,91,ok,3.098,False,0.2,12,
tpcds,10,2.6,1gpu,default,True,92,ok,11.862,False,1.0,1,
tpcds,10,2.6,1gpu,default,True,93,ok,44.103,True,4.7,100,
tpcds,10,2.6,1gpu,default,True,94,ok,31.519,True,2.1,1,
tpcds,10,2.6,1gpu,default,True,95,ok,23.097,True,2.1,1,
tpcds,10,2.6,1gpu,default,True,96,ok,1.115,True,2.4,1,
tpcds,10,2.6,1gpu,default,True,97,ok,5.504,False,1.8,1,
tpcds,10,2.6,1gpu,default,True,98,ok,47.34,True,3.9,15076,
tpcds,10,2.6,1gpu,default,True,99,ok,1.707,False,0.1,100,
tpcds,100,25,1gpu,default,True,1,ok,83.14,True,2.1,,
tpcds,100,25,1gpu,default,True,2,ok,579.634,True,48.9,,
tpcds,100,25,1gpu,default,True,3,ok,503.055,True,56.5,,
tpcds,100,25,1gpu,default,True,4,ok,4599.508,True,21.8,,
tpcds,100,25,1gpu,default,True,5,ok,2007.687,False,-6.8,,
tpcds,100,25,1gpu,default,True,6,ok,12.136,True,6.9,,
tpcds,100,25,1gpu,default,True,7,ok,2619.858,False,1.1,,
tpcds,100,25,1gpu,default,True,8,ok,509.532,True,22.2,,
tpcds,100,25,1gpu,default,True,9,ok,1790.701,True,85.1,,
tpcds,100,25,1gpu,default,True,10,error,,,,,TypeError: all inputs must be Index
tpcds,100,25,1gpu,default,True,11,ok,1344.032,True,100.8,,
tpcds,100,25,1gpu,default,True,12,ok,122.365,True,10.3,,
tpcds,100,25,1gpu,default,True,13,ok,1866.619,False,-3.7,,
tpcds,100,25,1gpu,default,True,14,ok,1544.282,True,41.3,,
tpcds,100,25,1gpu,default,True,15,ok,242.945,True,4.5,,
tpcds,100,25,1gpu,default,True,16,ok,672.257,True,48.6,,
tpcds,100,25,1gpu,default,True,17,ok,69.171,True,9.9,,
tpcds,100,25,1gpu,default,True,18,ok,790.891,True,79.7,,
tpcds,100,25,1gpu,default,True,19,ok,656.997,True,43.7,,
tpcds,100,25,1gpu,default,True,20,ok,445.259,True,3.2,,
tpcds,100,25,1gpu,default,True,21,ok,18.843,True,11.9,,
tpcds,100,25,1gpu,default,True,22,ok,20.539,True,8.9,,
tpcds,100,25,1gpu,default,True,23,ok,1992.654,False,0.0,,
tpcds,100,25,1gpu,default,True,24,ok,494.601,False,0.0,,
tpcds,100,25,1gpu,default,True,25,ok,1366.194,True,21.6,,
tpcds,100,25,1gpu,default,True,26,ok,605.219,True,60.2,,
tpcds,100,25,1gpu,default,True,27,ok,1351.924,True,116.5,,
tpcds,100,25,1gpu,default,True,28,ok,1827.228,True,15.2,,
tpcds,100,25,1gpu,default,True,29,ok,53.884,True,22.7,,
tpcds,100,25,1gpu,default,True,30,ok,15.691,False,1.6,,
tpcds,100,25,1gpu,default,True,31,ok,947.218,True,8.1,,
tpcds,100,25,1gpu,default,True,32,ok,398.425,True,21.6,,
tpcds,100,25,1gpu,default,True,33,ok,1230.34,False,-8.9,,
tpcds,100,25,1gpu,default,True,34,ok,23.462,True,10.7,,
tpcds,100,25,1gpu,default,True,35,error,,,,,RecursionError: maximum recursion depth exceeded
tpcds,100,25,1gpu,default,True,36,ok,1248.348,False,-0.0,,
tpcds,100,25,1gpu,default,True,37,ok,8.777,False,0.0,,
tpcds,100,25,1gpu,default,True,38,ok,34.567,True,23.7,,
tpcds,100,25,1gpu,default,True,39,ok,36.271,True,11.9,,
tpcds,100,25,1gpu,default,True,40,ok,301.176,False,0.0,,
tpcds,100,25,1gpu,default,True,41,ok,0.051,False,0.0,,
tpcds,100,25,1gpu,default,True,42,ok,456.876,True,39.5,,
tpcds,100,25,1gpu,default,True,43,ok,486.132,True,42.4,,
tpcds,100,25,1gpu,default,True,44,ok,755.717,False,0.0,,
tpcds,100,25,1gpu,default,True,45,ok,117.89,False,-0.1,,
tpcds,100,25,1gpu,default,True,46,ok,767.689,True,83.9,,
tpcds,100,25,1gpu,default,True,47,ok,569.704,True,50.0,,
tpcds,100,25,1gpu,default,True,48,ok,1271.325,True,22.6,,
tpcds,100,25,1gpu,default,True,49,ok,2467.747,False,-0.1,,
tpcds,100,25,1gpu,default,True,50,ok,103.902,True,13.3,,
tpcds,100,25,1gpu,default,True,51,ok,999.973,True,53.9,,
tpcds,100,25,1gpu,default,True,52,ok,454.934,True,39.4,,
tpcds,100,25,1gpu,default,True,53,ok,449.525,True,41.6,,
tpcds,100,25,1gpu,default,True,54,ok,518.913,True,49.5,,
tpcds,100,25,1gpu,default,True,55,ok,478.363,True,39.4,,
tpcds,100,25,1gpu,default,True,56,ok,800.625,True,74.0,,
tpcds,100,25,1gpu,default,True,57,ok,288.832,False,0.0,,
tpcds,100,25,1gpu,default,True,58,ok,807.352,True,70.1,,
tpcds,100,25,1gpu,default,True,59,ok,1806.042,True,69.7,,
tpcds,100,25,1gpu,default,True,60,ok,818.421,False,-0.0,,
tpcds,100,25,1gpu,default,True,61,ok,468.898,True,46.6,,
tpcds,100,25,1gpu,default,True,62,ok,8.452,True,2.7,,
tpcds,100,25,1gpu,default,True,63,ok,453.205,True,41.7,,
tpcds,100,25,1gpu,default,True,64,ok,2217.003,True,27.6,,
tpcds,100,25,1gpu,default,True,65,ok,530.343,True,6.7,,
tpcds,100,25,1gpu,default,True,66,ok,659.621,True,72.6,,
tpcds,100,25,1gpu,default,True,67,ok,649.691,True,65.9,,
tpcds,100,25,1gpu,default,True,68,ok,1408.99,True,129.4,,
tpcds,100,25,1gpu,default,True,69,ok,4.774,True,5.6,,
tpcds,100,25,1gpu,default,True,70,ok,743.552,True,40.5,,
tpcds,100,25,1gpu,default,True,71,ok,1158.758,False,1.8,,
tpcds,100,25,1gpu,default,True,72,ok,6.277,False,0.1,,
tpcds,100,25,1gpu,default,True,73,ok,2.78,True,10.9,,
tpcds,100,25,1gpu,default,True,74,ok,1330.329,False,-10.4,,
tpcds,100,25,1gpu,default,True,75,ok,1411.417,True,3.6,,
tpcds,100,25,1gpu,default,True,76,ok,1452.559,False,1.0,,
tpcds,100,25,1gpu,default,True,77,ok,2029.278,True,8.4,,
tpcds,100,25,1gpu,default,True,78,ok,2291.628,True,14.0,,
tpcds,100,25,1gpu,default,True,79,ok,1034.002,True,3.0,,
tpcds,100,25,1gpu,default,True,80,ok,2081.823,False,1.2,,
tpcds,100,25,1gpu,default,True,81,ok,48.336,False,0.7,,
tpcds,100,25,1gpu,default,True,82,ok,4.452,False,-0.1,,
tpcds,100,25,1gpu,default,True,83,ok,0.619,False,0.0,,
tpcds,100,25,1gpu,default,True,84,ok,0.303,False,0.0,,
tpcds,100,25,1gpu,default,True,85,ok,406.268,False,0.0,,
tpcds,100,25,1gpu,default,True,86,ok,189.769,True,11.2,,
tpcds,100,25,1gpu,default,True,87,ok,3.117,False,0.0,,
tpcds,100,25,1gpu,default,True,88,ok,2.292,False,0.0,,
tpcds,100,25,1gpu,default,True,89,ok,653.156,True,42.7,,
tpcds,100,25,1gpu,default,True,90,ok,0.516,False,0.0,,
tpcds,100,25,1gpu,default,True,91,ok,34.239,True,2.4,,
tpcds,100,25,1gpu,default,True,92,ok,168.229,True,10.3,,
tpcds,100,25,1gpu,default,True,93,ok,654.624,True,43.8,,
tpcds,100,25,1gpu,default,True,94,ok,343.906,True,21.0,,
tpcds,100,25,1gpu,default,True,95,ok,290.866,True,21.1,,
tpcds,100,25,1gpu,default,True,96,ok,1.901,False,0.0,,
tpcds,100,25,1gpu,default,True,97,ok,3.097,False,0.0,,
tpcds,100,25,1gpu,default,True,98,ok,684.13,True,39.6,,
tpcds,100,25,1gpu,default,True,99,ok,1.86,False,-0.0,,
tpcds,1,0.266,8gpu,pool,True,1,ok,2.008,False,0.7,100,
tpcds,1,0.266,8gpu,pool,True,2,ok,2.01,False,0.1,2513,
tpcds,1,0.266,8gpu,pool,True,3,ok,0.413,False,0.0,89,
tpcds,1,0.266,8gpu,pool,True,4,ok,2.049,False,0.1,6,
tpcds,1,0.266,8gpu,pool,True,5,ok,6.855,False,0.2,100,
tpcds,1,0.266,8gpu,pool,True,6,ok,0.707,False,-0.0,46,
tpcds,1,0.266,8gpu,pool,True,7,ok,1.083,False,0.0,100,
tpcds,1,0.266,8gpu,pool,True,8,ok,0.629,False,0.0,5,
tpcds,1,0.266,8gpu,pool,True,9,ok,0.136,False,0.0,1,
tpcds,1,0.266,8gpu,pool,True,10,ok,0.864,False,0.0,6,
tpcds,1,0.266,8gpu,pool,True,11,ok,0.925,False,0.0,90,
tpcds,1,0.266,8gpu,pool,True,12,ok,1.051,False,0.1,100,
tpcds,1,0.266,8gpu,pool,True,13,ok,0.709,False,0.0,1,
tpcds,1,0.266,8gpu,pool,True,14,ok,8.487,False,0.0,100,
tpcds,1,0.266,8gpu,pool,True,15,ok,0.393,False,0.0,100,
tpcds,1,0.266,8gpu,pool,True,16,ok,0.621,False,0.0,1,
tpcds,1,0.266,8gpu,pool,True,17,ok,0.636,False,-0.0,0,
tpcds,1,0.266,8gpu,pool,True,18,ok,2.414,False,0.0,100,
tpcds,1,0.266,8gpu,pool,True,19,ok,0.72,False,0.0,100,
tpcds,1,0.266,8gpu,pool,True,20,ok,1.03,False,0.0,100,
tpcds,1,0.266,8gpu,pool,True,21,ok,0.52,False,0.0,100,
tpcds,1,0.266,8gpu,pool,True,22,ok,3.806,False,0.1,100,
tpcds,1,0.266,8gpu,pool,True,23,ok,1.35,False,0.0,4,
tpcds,1,0.266,8gpu,pool,True,24,ok,0.841,False,0.0,1,
tpcds,1,0.266,8gpu,pool,True,25,ok,0.601,False,-0.0,1,
tpcds,1,0.266,8gpu,pool,True,26,ok,0.614,False,0.0,100,
tpcds,1,0.266,8gpu,pool,True,27,ok,1.565,False,0.0,100,
tpcds,1,0.266,8gpu,pool,True,28,ok,0.674,False,-0.0,1,
tpcds,1,0.266,8gpu,pool,True,29,ok,0.589,False,0.0,1,
tpcds,1,0.266,8gpu,pool,True,30,ok,0.703,False,0.0,100,
tpcds,1,0.266,8gpu,pool,True,31,ok,1.04,False,0.0,44,
tpcds,1,0.266,8gpu,pool,True,32,ok,0.284,False,0.0,1,
tpcds,1,0.266,8gpu,pool,True,33,ok,1.566,False,-0.0,100,
tpcds,1,0.266,8gpu,pool,True,34,ok,0.696,False,0.0,455,
tpcds,1,0.266,8gpu,pool,True,35,ok,1.199,False,0.0,100,
tpcds,1,0.266,8gpu,pool,True,36,ok,1.152,False,0.0,100,
tpcds,1,0.266,8gpu,pool,True,37,ok,0.319,False,0.0,1,
tpcds,1,0.266,8gpu,pool,True,38,ok,0.622,False,0.0,1,
tpcds,1,0.266,8gpu,pool,True,39,ok,0.669,False,0.0,243,
tpcds,1,0.266,8gpu,pool,True,40,ok,0.581,False,0.0,100,
tpcds,1,0.266,8gpu,pool,True,41,ok,0.254,False,0.0,4,
tpcds,1,0.266,8gpu,pool,True,42,ok,0.367,False,0.0,10,
tpcds,1,0.266,8gpu,pool,True,43,ok,0.915,False,0.0,6,
tpcds,1,0.266,8gpu,pool,True,44,ok,0.777,False,0.0,10,
tpcds,1,0.266,8gpu,pool,True,45,ok,0.565,False,0.0,19,
tpcds,1,0.266,8gpu,pool,True,46,ok,0.863,False,0.0,100,
tpcds,1,0.266,8gpu,pool,True,47,ok,1.812,False,0.0,100,
tpcds,1,0.266,8gpu,pool,True,48,ok,0.431,False,0.0,1,
tpcds,1,0.266,8gpu,pool,True,49,ok,1.73,False,0.0,34,
tpcds,1,0.266,8gpu,pool,True,50,ok,0.788,False,0.0,6,
tpcds,1,0.266,8gpu,pool,True,51,ok,1.467,False,0.0,100,
tpcds,1,0.266,8gpu,pool,True,52,ok,0.411,False,0.0,100,
tpcds,1,0.266,8gpu,pool,True,53,ok,0.685,False,0.0,100,
tpcds,1,0.266,8gpu,pool,True,54,ok,0.943,False,0.0,1,
tpcds,1,0.266,8gpu,pool,True,55,ok,0.437,False,0.0,100,
tpcds,1,0.266,8gpu,pool,True,56,ok,1.786,False,0.0,100,
tpcds,1,0.266,8gpu,pool,True,57,ok,1.423,False,0.0,100,
tpcds,1,0.266,8gpu,pool,True,58,ok,1.079,False,0.0,5,
tpcds,1,0.266,8gpu,pool,True,59,ok,1.279,False,0.0,100,
tpcds,1,0.266,8gpu,pool,True,60,ok,1.953,False,0.0,100,
tpcds,1,0.266,8gpu,pool,True,61,ok,0.394,False,0.0,1,
tpcds,1,0.266,8gpu,pool,True,62,ok,0.641,False,0.0,100,
tpcds,1,0.266,8gpu,pool,True,63,ok,0.701,False,0.0,100,
tpcds,1,0.266,8gpu,pool,True,64,ok,2.066,False,0.0,2,
tpcds,1,0.266,8gpu,pool,True,65,ok,0.738,False,0.0,100,
tpcds,1,0.266,8gpu,pool,True,66,ok,2.679,False,0.0,5,
tpcds,1,0.266,8gpu,pool,True,67,ok,9.423,False,0.0,100,
tpcds,1,0.266,8gpu,pool,True,68,ok,0.888,False,-0.0,100,
tpcds,1,0.266,8gpu,pool,True,69,ok,0.896,False,-0.0,100,
tpcds,1,0.266,8gpu,pool,True,70,ok,0.693,False,-0.0,3,
tpcds,1,0.266,8gpu,pool,True,71,ok,2.211,False,-0.0,1031,
tpcds,1,0.266,8gpu,pool,True,72,ok,0.946,False,-0.0,100,
tpcds,1,0.266,8gpu,pool,True,73,ok,0.457,False,0.0,1,
tpcds,1,0.266,8gpu,pool,True,74,ok,1.229,False,0.0,92,
tpcds,1,0.266,8gpu,pool,True,75,ok,4.238,False,0.0,100,
tpcds,1,0.266,8gpu,pool,True,76,ok,2.09,False,0.0,100,
tpcds,1,0.266,8gpu,pool,True,77,ok,3.717,False,0.0,44,
tpcds,1,0.266,8gpu,pool,True,78,ok,2.106,False,-0.0,100,
tpcds,1,0.266,8gpu,pool,True,79,ok,0.883,False,0.0,100,
tpcds,1,0.266,8gpu,pool,True,80,ok,4.357,False,0.0,100,
tpcds,1,0.266,8gpu,pool,True,81,ok,0.706,False,0.0,100,
tpcds,1,0.266,8gpu,pool,True,82,ok,0.334,False,0.0,2,
tpcds,1,0.266,8gpu,pool,True,83,ok,0.994,False,0.0,24,
tpcds,1,0.266,8gpu,pool,True,84,ok,0.391,False,0.0,16,
tpcds,1,0.266,8gpu,pool,True,85,ok,0.85,False,0.0,1,
tpcds,1,0.266,8gpu,pool,True,86,ok,1.375,False,0.0,100,
tpcds,1,0.266,8gpu,pool,True,87,ok,0.667,False,0.0,1,
tpcds,1,0.266,8gpu,pool,True,88,ok,0.288,False,0.0,1,
tpcds,1,0.266,8gpu,pool,True,89,ok,1.166,False,0.0,100,
tpcds,1,0.266,8gpu,pool,True,90,ok,0.2,False,0.0,1,
tpcds,1,0.266,8gpu,pool,True,91,ok,0.565,False,0.0,2,
tpcds,1,0.266,8gpu,pool,True,92,ok,0.333,False,0.0,1,
tpcds,1,0.266,8gpu,pool,True,93,ok,0.39,False,0.0,100,
tpcds,1,0.266,8gpu,pool,True,94,ok,0.546,False,0.0,1,
tpcds,1,0.266,8gpu,pool,True,95,ok,0.524,False,-0.0,1,
tpcds,1,0.266,8gpu,pool,True,96,ok,0.185,False,0.0,1,
tpcds,1,0.266,8gpu,pool,True,97,ok,0.355,False,0.0,1,
tpcds,1,0.266,8gpu,pool,True,98,ok,0.767,False,0.0,2521,
tpcds,1,0.266,8gpu,pool,True,99,ok,0.647,False,0.0,90,
tpcds,10,2.6,8gpu,pool,True,1,ok,2.184,False,0.8,100,
tpcds,10,2.6,8gpu,pool,True,2,ok,2.066,False,0.1,2513,
tpcds,10,2.6,8gpu,pool,True,3,ok,0.467,False,0.0,100,
tpcds,10,2.6,8gpu,pool,True,4,ok,2.723,False,0.1,100,
tpcds,10,2.6,8gpu,pool,True,5,ok,8.222,False,0.2,100,
tpcds,10,2.6,8gpu,pool,True,6,ok,0.803,False,0.0,51,
tpcds,10,2.6,8gpu,pool,True,7,ok,0.846,False,-0.0,100,
tpcds,10,2.6,8gpu,pool,True,8,ok,0.753,False,0.0,9,
tpcds,10,2.6,8gpu,pool,True,9,ok,0.145,False,0.0,1,
tpcds,10,2.6,8gpu,pool,True,10,ok,1.139,False,0.0,100,
tpcds,10,2.6,8gpu,pool,True,11,ok,1.049,False,0.0,100,
tpcds,10,2.6,8gpu,pool,True,12,ok,0.897,False,0.0,100,
tpcds,10,2.6,8gpu,pool,True,13,ok,0.782,False,0.0,1,
tpcds,10,2.6,8gpu,pool,True,14,ok,9.102,False,0.0,100,
tpcds,10,2.6,8gpu,pool,True,15,ok,0.457,False,-0.0,100,
tpcds,10,2.6,8gpu,pool,True,16,ok,0.708,False,0.0,1,
tpcds,10,2.6,8gpu,pool,True,17,ok,0.911,False,0.0,0,
tpcds,10,2.6,8gpu,pool,True,18,ok,2.666,False,0.0,100,
tpcds,10,2.6,8gpu,pool,True,19,ok,0.846,False,0.0,100,
tpcds,10,2.6,8gpu,pool,True,20,ok,0.77,False,-0.0,100,
tpcds,10,2.6,8gpu,pool,True,21,ok,1.065,False,0.0,100,
tpcds,10,2.6,8gpu,pool,True,22,ok,4.074,False,0.0,100,
tpcds,10,2.6,8gpu,pool,True,23,ok,2.08,False,0.0,100,
tpcds,10,2.6,8gpu,pool,True,24,ok,1.053,False,-0.0,5,
tpcds,10,2.6,8gpu,pool,True,25,ok,0.768,False,0.0,2,
tpcds,10,2.6,8gpu,pool,True,26,ok,0.671,False,0.0,100,
tpcds,10,2.6,8gpu,pool,True,27,ok,1.723,False,0.0,100,
tpcds,10,2.6,8gpu,pool,True,28,ok,0.711,False,-0.0,1,
tpcds,10,2.6,8gpu,pool,True,29,ok,0.885,False,0.0,8,
tpcds,10,2.6,8gpu,pool,True,30,ok,1.033,False,-0.0,100,
tpcds,10,2.6,8gpu,pool,True,31,ok,1.182,False,0.0,307,
tpcds,10,2.6,8gpu,pool,True,32,ok,0.321,False,0.0,1,
tpcds,10,2.6,8gpu,pool,True,33,ok,1.736,False,0.0,100,
tpcds,10,2.6,8gpu,pool,True,34,ok,0.743,False,0.0,1560,
tpcds,10,2.6,8gpu,pool,True,35,ok,1.432,False,0.0,100,
tpcds,10,2.6,8gpu,pool,True,36,ok,1.313,False,-0.0,100,
tpcds,10,2.6,8gpu,pool,True,37,ok,0.479,False,0.0,2,
tpcds,10,2.6,8gpu,pool,True,38,ok,0.698,False,0.0,1,
tpcds,10,2.6,8gpu,pool,True,39,ok,0.805,False,0.0,2433,
tpcds,10,2.6,8gpu,pool,True,40,ok,0.661,False,0.0,100,
tpcds,10,2.6,8gpu,pool,True,41,ok,0.364,False,0.0,41,
tpcds,10,2.6,8gpu,pool,True,42,ok,0.425,False,0.0,11,
tpcds,10,2.6,8gpu,pool,True,43,ok,1.02,False,-0.0,18,
tpcds,10,2.6,8gpu,pool,True,44,ok,0.881,False,0.0,10,
tpcds,10,2.6,8gpu,pool,True,45,ok,0.72,False,0.0,49,
tpcds,10,2.6,8gpu,pool,True,46,ok,0.986,False,0.0,100,
tpcds,10,2.6,8gpu,pool,True,47,ok,1.933,False,0.0,100,
tpcds,10,2.6,8gpu,pool,True,48,ok,0.508,False,0.0,1,
tpcds,10,2.6,8gpu,pool,True,49,ok,2.086,False,0.0,46,
tpcds,10,2.6,8gpu,pool,True,50,ok,1.156,False,0.0,51,
tpcds,10,2.6,8gpu,pool,True,51,ok,1.604,False,0.0,100,
tpcds,10,2.6,8gpu,pool,True,52,ok,0.475,False,0.0,100,
tpcds,10,2.6,8gpu,pool,True,53,ok,1.112,False,0.0,100,
tpcds,10,2.6,8gpu,pool,True,54,ok,1.133,False,0.0,1,
tpcds,10,2.6,8gpu,pool,True,55,ok,0.505,False,0.0,100,
tpcds,10,2.6,8gpu,pool,True,56,ok,2.176,False,0.0,100,
tpcds,10,2.6,8gpu,pool,True,57,ok,1.533,False,0.0,100,
tpcds,10,2.6,8gpu,pool,True,58,ok,1.32,False,0.0,31,
tpcds,10,2.6,8gpu,pool,True,59,ok,1.39,False,0.0,100,
tpcds,10,2.6,8gpu,pool,True,60,ok,2.193,False,0.0,100,
tpcds,10,2.6,8gpu,pool,True,61,ok,0.49,False,0.0,1,
tpcds,10,2.6,8gpu,pool,True,62,ok,0.78,False,0.0,100,
tpcds,10,2.6,8gpu,pool,True,63,ok,0.773,False,0.0,100,
tpcds,10,2.6,8gpu,pool,True,64,ok,2.75,False,0.0,28,
tpcds,10,2.6,8gpu,pool,True,65,ok,0.937,False,0.0,100,
tpcds,10,2.6,8gpu,pool,True,66,ok,3.465,False,-0.0,10,
tpcds,10,2.6,8gpu,pool,True,67,ok,10.112,False,0.0,100,
tpcds,10,2.6,8gpu,pool,True,68,ok,0.991,False,-0.0,100,
tpcds,10,2.6,8gpu,pool,True,69,ok,1.094,False,-0.0,100,
tpcds,10,2.6,8gpu,pool,True,70,ok,0.862,False,-0.0,7,
tpcds,10,2.6,8gpu,pool,True,71,ok,2.788,False,0.0,9655,
tpcds,10,2.6,8gpu,pool,True,72,ok,1.318,False,0.0,100,
tpcds,10,2.6,8gpu,pool,True,73,ok,0.576,False,-0.0,17,
tpcds,10,2.6,8gpu,pool,True,74,ok,1.365,False,0.0,100,
tpcds,10,2.6,8gpu,pool,True,75,ok,5.276,False,0.0,100,
tpcds,10,2.6,8gpu,pool,True,76,ok,2.578,False,0.0,100,
tpcds,10,2.6,8gpu,pool,True,77,ok,4.575,False,-0.0,100,
tpcds,10,2.6,8gpu,pool,True,78,ok,2.331,False,0.0,100,
tpcds,10,2.6,8gpu,pool,True,79,ok,0.932,False,0.0,100,
tpcds,10,2.6,8gpu,pool,True,80,ok,4.821,False,-0.0,100,
tpcds,10,2.6,8gpu,pool,True,81,ok,1.087,False,0.0,100,
tpcds,10,2.6,8gpu,pool,True,82,ok,0.499,False,0.0,6,
tpcds,10,2.6,8gpu,pool,True,83,ok,1.264,False,0.0,100,
tpcds,10,2.6,8gpu,pool,True,84,ok,0.483,False,0.0,100,
tpcds,10,2.6,8gpu,pool,True,85,ok,1.085,False,-0.0,15,
tpcds,10,2.6,8gpu,pool,True,86,ok,1.461,False,0.0,100,
tpcds,10,2.6,8gpu,pool,True,87,ok,0.719,False,0.0,1,
tpcds,10,2.6,8gpu,pool,True,88,ok,0.298,False,0.0,1,
tpcds,10,2.6,8gpu,pool,True,89,ok,1.579,False,0.0,100,
tpcds,10,2.6,8gpu,pool,True,90,ok,0.212,False,0.0,1,
tpcds,10,2.6,8gpu,pool,True,91,ok,0.678,False,0.0,12,
tpcds,10,2.6,8gpu,pool,True,92,ok,0.376,False,0.0,1,
tpcds,10,2.6,8gpu,pool,True,93,ok,0.432,False,0.0,100,
tpcds,10,2.6,8gpu,pool,True,94,ok,0.646,False,0.0,1,
tpcds,10,2.6,8gpu,pool,True,95,ok,0.607,False,0.0,1,
tpcds,10,2.6,8gpu,pool,True,96,ok,0.183,False,0.0,1,
tpcds,10,2.6,8gpu,pool,True,97,ok,0.353,False,0.0,1,
tpcds,10,2.6,8gpu,pool,True,98,ok,0.822,False,0.0,15076,
tpcds,10,2.6,8gpu,pool,True,99,ok,0.652,False,0.0,100,
tpcds,100,25,8gpu,pool,True,1,ok,3.003,False,0.8,100,
tpcds,100,25,8gpu,pool,True,2,ok,2.474,False,0.4,2513,
tpcds,100,25,8gpu,pool,True,3,ok,0.591,False,0.1,100,
tpcds,100,25,8gpu,pool,True,4,ok,3.028,False,-0.0,100,
tpcds,100,25,8gpu,pool,True,5,ok,8.557,False,0.2,100,
tpcds,100,25,8gpu,pool,True,6,ok,0.896,False,0.1,52,
tpcds,100,25,8gpu,pool,True,7,ok,1.017,False,0.0,100,
tpcds,100,25,8gpu,pool,True,8,ok,0.915,False,0.0,10,
tpcds,100,25,8gpu,pool,True,9,ok,0.235,False,-0.0,1,
tpcds,100,25,8gpu,pool,True,10,ok,1.476,False,-0.0,100,
tpcds,100,25,8gpu,pool,True,11,ok,1.21,False,0.0,100,
tpcds,100,25,8gpu,pool,True,12,ok,0.982,False,-0.1,100,
tpcds,100,25,8gpu,pool,True,13,ok,1.01,False,0.1,1,
tpcds,100,25,8gpu,pool,True,14,ok,9.816,False,-0.1,100,
tpcds,100,25,8gpu,pool,True,15,ok,0.52,False,0.0,100,
tpcds,100,25,8gpu,pool,True,16,ok,0.949,False,0.0,1,
tpcds,100,25,8gpu,pool,True,17,ok,2.136,False,-0.0,33,
tpcds,100,25,8gpu,pool,True,18,ok,2.829,False,0.1,100,
tpcds,100,25,8gpu,pool,True,19,ok,0.967,False,0.1,100,
tpcds,100,25,8gpu,pool,True,20,ok,0.866,False,0.0,100,
tpcds,100,25,8gpu,pool,True,21,ok,0.631,False,-0.0,100,
tpcds,100,25,8gpu,pool,True,22,ok,4.224,False,0.0,100,
tpcds,100,25,8gpu,pool,True,23,ok,2.873,False,-0.1,100,
tpcds,100,25,8gpu,pool,True,24,ok,1.594,False,0.1,48,
tpcds,100,25,8gpu,pool,True,25,ok,1.201,False,0.0,16,
tpcds,100,25,8gpu,pool,True,26,ok,0.805,False,-0.0,100,
tpcds,100,25,8gpu,pool,True,27,ok,1.928,False,0.1,100,
tpcds,100,25,8gpu,pool,True,28,ok,0.808,False,0.0,1,
tpcds,100,25,8gpu,pool,True,29,ok,1.444,False,-0.1,71,
tpcds,100,25,8gpu,pool,True,30,ok,1.335,False,-0.0,100,
tpcds,100,25,8gpu,pool,True,31,ok,1.703,False,-0.0,290,
tpcds,100,25,8gpu,pool,True,32,ok,0.391,False,0.1,1,
tpcds,100,25,8gpu,pool,True,33,ok,1.97,False,0.0,100,
tpcds,100,25,8gpu,pool,True,34,ok,0.867,False,0.1,5532,
tpcds,100,25,8gpu,pool,True,35,ok,1.673,False,-0.1,100,
tpcds,100,25,8gpu,pool,True,36,ok,1.455,False,0.1,100,
tpcds,100,25,8gpu,pool,True,37,ok,0.647,False,-0.0,3,
tpcds,100,25,8gpu,pool,True,38,ok,0.977,False,-0.1,1,
tpcds,100,25,8gpu,pool,True,39,ok,1.039,False,-0.0,7367,
tpcds,100,25,8gpu,pool,True,40,ok,0.862,False,0.1,100,
tpcds,100,25,8gpu,pool,True,41,ok,0.433,False,0.0,100,
tpcds,100,25,8gpu,pool,True,42,ok,0.527,False,0.1,11,
tpcds,100,25,8gpu,pool,True,43,ok,1.297,False,0.0,100,
tpcds,100,25,8gpu,pool,True,44,ok,1.016,False,0.0,10,
tpcds,100,25,8gpu,pool,True,45,ok,0.845,False,-0.1,100,
tpcds,100,25,8gpu,pool,True,46,ok,1.16,False,0.1,100,
tpcds,100,25,8gpu,pool,True,47,ok,2.18,False,0.0,100,
tpcds,100,25,8gpu,pool,True,48,ok,0.711,False,0.0,1,
tpcds,100,25,8gpu,pool,True,49,ok,3.378,False,0.0,100,
tpcds,100,25,8gpu,pool,True,50,ok,1.564,False,0.1,100,
tpcds,100,25,8gpu,pool,True,51,ok,1.843,False,-0.0,100,
tpcds,100,25,8gpu,pool,True,52,ok,0.581,False,0.0,100,
tpcds,100,25,8gpu,pool,True,53,ok,0.895,False,0.0,100,
tpcds,100,25,8gpu,pool,True,54,ok,1.878,False,-0.0,100,
tpcds,100,25,8gpu,pool,True,55,ok,0.611,False,-0.0,100,
tpcds,100,25,8gpu,pool,True,56,ok,2.465,False,-0.1,100,
tpcds,100,25,8gpu,pool,True,57,ok,1.703,False,0.0,100,
tpcds,100,25,8gpu,pool,True,58,ok,1.605,False,-0.0,100,
tpcds,100,25,8gpu,pool,True,59,ok,1.521,False,0.1,100,
tpcds,100,25,8gpu,pool,True,60,ok,2.482,False,0.0,100,
tpcds,100,25,8gpu,pool,True,61,ok,0.636,False,-0.0,1,
tpcds,100,25,8gpu,pool,True,62,ok,0.833,False,-0.1,100,
tpcds,100,25,8gpu,pool,True,63,ok,0.905,False,0.1,100,
tpcds,100,25,8gpu,pool,True,64,ok,3.548,False,0.0,472,
tpcds,100,25,8gpu,pool,True,65,ok,1.092,False,-0.0,100,
tpcds,100,25,8gpu,pool,True,66,ok,3.767,False,-0.1,15,
tpcds,100,25,8gpu,pool,True,67,ok,10.71,False,0.1,100,
tpcds,100,25,8gpu,pool,True,68,ok,1.174,False,0.0,100,
tpcds,100,25,8gpu,pool,True,69,ok,1.291,False,-0.1,100,
tpcds,100,25,8gpu,pool,True,70,ok,1.439,False,0.1,20,
tpcds,100,25,8gpu,pool,True,71,ok,3.039,False,-0.0,59586,
tpcds,100,25,8gpu,pool,True,72,ok,1.674,False,0.0,100,
tpcds,100,25,8gpu,pool,True,73,ok,0.7,False,-0.0,117,
tpcds,100,25,8gpu,pool,True,74,ok,1.6,False,-0.1,100,
tpcds,100,25,8gpu,pool,True,75,ok,5.43,False,0.0,100,
tpcds,100,25,8gpu,pool,True,76,ok,2.841,False,0.1,100,
tpcds,100,25,8gpu,pool,True,77,ok,5.237,False,-0.0,100,
tpcds,100,25,8gpu,pool,True,78,ok,3.29,False,0.1,100,
tpcds,100,25,8gpu,pool,True,79,ok,1.103,False,0.0,100,
tpcds,100,25,8gpu,pool,True,80,ok,5.573,False,-0.1,100,
tpcds,100,25,8gpu,pool,True,81,ok,1.309,False,0.0,100,
tpcds,100,25,8gpu,pool,True,82,ok,0.705,False,0.1,14,
tpcds,100,25,8gpu,pool,True,83,ok,1.437,False,0.0,100,
tpcds,100,25,8gpu,pool,True,84,ok,0.637,False,0.0,100,
tpcds,100,25,8gpu,pool,True,85,ok,1.317,False,-0.1,52,
tpcds,100,25,8gpu,pool,True,86,ok,1.507,False,-0.0,100,
tpcds,100,25,8gpu,pool,True,87,ok,1.035,False,0.2,1,
tpcds,100,25,8gpu,pool,True,88,ok,0.379,False,0.0,1,
tpcds,100,25,8gpu,pool,True,89,ok,1.655,False,-0.0,100,
tpcds,100,25,8gpu,pool,True,90,ok,0.239,False,-0.1,1,
tpcds,100,25,8gpu,pool,True,91,ok,0.729,False,0.0,30,
tpcds,100,25,8gpu,pool,True,92,ok,0.419,False,-0.0,1,
tpcds,100,25,8gpu,pool,True,93,ok,0.565,False,0.1,100,
tpcds,100,25,8gpu,pool,True,94,ok,0.781,False,-0.1,1,
tpcds,100,25,8gpu,pool,True,95,ok,0.743,False,-0.0,1,
tpcds,100,25,8gpu,pool,True,96,ok,0.267,False,0.1,1,
tpcds,100,25,8gpu,pool,True,97,ok,0.579,False,-0.0,1,
tpcds,100,25,8gpu,pool,True,98,ok,1.034,False,0.1,30579,
tpcds,100,25,8gpu,pool,True,99,ok,0.813,False,-0.0,100,
tpcds,300,74,8gpu,pool,True,1,ok,2.934,False,0.9,100,
tpcds,300,74,8gpu,pool,True,2,ok,2.836,False,0.9,2513,
tpcds,300,74,8gpu,pool,True,3,ok,0.791,False,0.4,100,
tpcds,300,74,8gpu,pool,True,4,ok,4.236,False,-0.1,100,
tpcds,300,74,8gpu,pool,True,5,ok,9.907,False,-0.0,100,
tpcds,300,74,8gpu,pool,True,6,ok,1.128,False,0.4,52,
tpcds,300,74,8gpu,pool,True,7,ok,1.451,False,0.0,100,
tpcds,300,74,8gpu,pool,True,8,ok,1.104,False,0.0,10,
tpcds,300,74,8gpu,pool,True,9,ok,0.443,False,0.0,1,
tpcds,300,74,8gpu,pool,True,10,ok,1.725,False,-0.2,100,
tpcds,300,74,8gpu,pool,True,11,ok,1.575,False,-0.0,100,
tpcds,300,74,8gpu,pool,True,12,ok,1.03,False,-0.1,100,
tpcds,300,74,8gpu,pool,True,13,ok,1.514,False,0.2,1,
tpcds,300,74,8gpu,pool,True,14,ok,11.555,False,0.0,100,
tpcds,300,74,8gpu,pool,True,15,ok,0.711,False,0.0,100,
tpcds,300,74,8gpu,pool,True,16,ok,1.546,False,0.0,1,
tpcds,300,74,8gpu,pool,True,17,ok,3.353,False,-0.0,100,
tpcds,300,74,8gpu,pool,True,18,ok,3.448,False,-0.1,100,
tpcds,300,74,8gpu,pool,True,19,ok,1.332,False,0.3,100,
tpcds,300,74,8gpu,pool,True,20,ok,1.079,False,-0.0,100,
tpcds,300,74,8gpu,pool,True,21,ok,0.738,False,-0.0,100,
tpcds,300,74,8gpu,pool,True,22,ok,4.63,False,0.0,100,
tpcds,300,74,8gpu,pool,True,23,ok,5.337,False,-0.0,100,
tpcds,300,74,8gpu,pool,True,24,ok,2.299,False,0.1,79,
tpcds,300,74,8gpu,pool,True,25,ok,1.912,False,-0.1,46,
tpcds,300,74,8gpu,pool,True,26,ok,1.077,False,-0.0,100,
tpcds,300,74,8gpu,pool,True,27,ok,2.5,False,0.1,100,
tpcds,300,74,8gpu,pool,True,28,ok,1.102,False,0.1,1,
tpcds,300,74,8gpu,pool,True,29,ok,2.158,False,-0.0,100,
tpcds,300,74,8gpu,pool,True,30,ok,1.377,False,0.0,100,
tpcds,300,74,8gpu,pool,True,31,ok,1.968,False,-0.0,287,
tpcds,300,74,8gpu,pool,True,32,ok,0.518,False,0.0,1,
tpcds,300,74,8gpu,pool,True,33,ok,2.486,False,0.0,100,
tpcds,300,74,8gpu,pool,True,34,ok,1.171,False,0.1,10213,
tpcds,300,74,8gpu,pool,True,35,ok,2.064,False,-0.0,100,
tpcds,300,74,8gpu,pool,True,36,ok,1.831,False,0.1,100,
tpcds,300,74,8gpu,pool,True,37,ok,0.877,False,-0.1,4,
tpcds,300,74,8gpu,pool,True,38,ok,1.621,False,-0.1,1,
tpcds,300,74,8gpu,pool,True,39,ok,1.23,False,0.0,11049,
tpcds,300,74,8gpu,pool,True,40,ok,1.242,False,0.0,100,
tpcds,300,74,8gpu,pool,True,41,ok,0.464,False,0.0,100,
tpcds,300,74,8gpu,pool,True,42,ok,0.75,False,0.2,11,
tpcds,300,74,8gpu,pool,True,43,ok,1.658,False,0.0,100,
tpcds,300,74,8gpu,pool,True,44,ok,1.26,False,0.0,10,
tpcds,300,74,8gpu,pool,True,45,ok,0.946,False,0.0,100,
tpcds,300,74,8gpu,pool,True,46,ok,1.514,False,-0.0,100,
tpcds,300,74,8gpu,pool,True,47,ok,2.479,False,0.0,100,
tpcds,300,74,8gpu,pool,True,48,ok,1.168,False,0.0,1,
tpcds,300,74,8gpu,pool,True,49,ok,5.17,False,0.0,100,
tpcds,300,74,8gpu,pool,True,50,ok,2.245,False,0.0,100,
tpcds,300,74,8gpu,pool,True,51,ok,2.216,False,0.0,100,
tpcds,300,74,8gpu,pool,True,52,ok,0.802,False,0.0,100,
tpcds,300,74,8gpu,pool,True,53,ok,1.149,False,0.0,100,
tpcds,300,74,8gpu,pool,True,54,ok,2.715,False,-0.0,100,
tpcds,300,74,8gpu,pool,True,55,ok,0.846,False,0.1,100,
tpcds,300,74,8gpu,pool,True,56,ok,3.024,False,-0.3,100,
tpcds,300,74,8gpu,pool,True,57,ok,2.008,False,0.1,100,
tpcds,300,74,8gpu,pool,True,58,ok,2.229,False,0.1,100,
tpcds,300,74,8gpu,pool,True,59,ok,1.918,False,0.1,100,
tpcds,300,74,8gpu,pool,True,60,ok,3.142,False,-0.2,100,
tpcds,300,74,8gpu,pool,True,61,ok,0.956,False,0.1,1,
tpcds,300,74,8gpu,pool,True,62,ok,0.942,False,0.0,100,
tpcds,300,74,8gpu,pool,True,63,ok,1.152,False,0.1,100,
tpcds,300,74,8gpu,pool,True,64,ok,5.179,False,0.1,1642,
tpcds,300,74,8gpu,pool,True,65,ok,1.523,False,-0.0,100,
tpcds,300,74,8gpu,pool,True,66,ok,4.414,False,-0.1,17,
tpcds,300,74,8gpu,pool,True,67,ok,12.316,False,0.1,100,
tpcds,300,74,8gpu,pool,True,68,ok,1.67,False,0.0,100,
tpcds,300,74,8gpu,pool,True,69,ok,1.628,False,-0.1,100,
tpcds,300,74,8gpu,pool,True,70,ok,1.764,False,0.1,30,
tpcds,300,74,8gpu,pool,True,71,ok,3.524,False,0.0,122103,
tpcds,300,74,8gpu,pool,True,72,ok,2.183,False,0.0,100,
tpcds,300,74,8gpu,pool,True,73,ok,1.003,False,-0.0,286,
tpcds,300,74,8gpu,pool,True,74,ok,2.158,False,0.1,100,
tpcds,300,74,8gpu,pool,True,75,ok,6.586,False,0.1,35,
tpcds,300,74,8gpu,pool,True,76,ok,3.325,False,0.0,100,
tpcds,300,74,8gpu,pool,True,77,ok,5.856,False,0.0,100,
tpcds,300,74,8gpu,pool,True,78,ok,5.036,False,-0.0,100,
tpcds,300,74,8gpu,pool,True,79,ok,1.5,False,-0.0,100,
tpcds,300,74,8gpu,pool,True,80,ok,7.19,False,0.0,100,
tpcds,300,74,8gpu,pool,True,81,ok,1.374,False,0.0,100,
tpcds,300,74,8gpu,pool,True,82,ok,1.003,False,0.0,20,
tpcds,300,74,8gpu,pool,True,83,ok,1.403,False,0.0,100,
tpcds,300,74,8gpu,pool,True,84,ok,0.819,False,0.0,100,
tpcds,300,74,8gpu,pool,True,85,ok,1.76,False,0.0,59,
tpcds,300,74,8gpu,pool,True,86,ok,1.58,False,0.0,100,
tpcds,300,74,8gpu,pool,True,87,ok,1.713,False,0.0,1,
tpcds,300,74,8gpu,pool,True,88,ok,0.563,False,0.0,1,
tpcds,300,74,8gpu,pool,True,89,ok,1.631,False,0.0,100,
tpcds,300,74,8gpu,pool,True,90,ok,0.296,False,0.0,1,
tpcds,300,74,8gpu,pool,True,91,ok,0.813,False,0.0,36,
tpcds,300,74,8gpu,pool,True,92,ok,0.489,False,0.0,1,
tpcds,300,74,8gpu,pool,True,93,ok,0.896,False,0.0,100,
tpcds,300,74,8gpu,pool,True,94,ok,1.069,False,0.0,1,
tpcds,300,74,8gpu,pool,True,95,ok,1.019,False,0.0,1,
tpcds,300,74,8gpu,pool,True,96,ok,0.438,False,0.0,1,
tpcds,300,74,8gpu,pool,True,97,ok,1.077,False,0.0,1,
tpcds,300,74,8gpu,pool,True,98,ok,1.291,False,0.0,39627,
tpcds,300,74,8gpu,pool,True,99,ok,1.107,False,-0.1,100,
tpcds,500,116,8gpu,pool,False,1,ok,3.1,False,1.0,100,
tpcds,500,116,8gpu,pool,False,2,ok,3.218,False,1.5,2513,
tpcds,500,116,8gpu,pool,False,3,ok,0.941,False,0.5,100,
tpcds,500,116,8gpu,pool,False,4,ok,4.836,False,-0.1,100,
tpcds,500,116,8gpu,pool,False,5,ok,9.45,False,0.3,100,
tpcds,500,116,8gpu,pool,False,6,ok,1.165,False,0.3,52,
tpcds,500,116,8gpu,pool,False,7,ok,1.698,False,0.1,100,
tpcds,500,116,8gpu,pool,False,8,ok,1.217,False,0.1,4,
tpcds,500,116,8gpu,pool,False,9,ok,0.645,False,0.0,1,
tpcds,500,116,8gpu,pool,False,10,ok,1.944,False,-0.0,100,
tpcds,500,116,8gpu,pool,False,11,ok,1.841,False,0.0,100,
tpcds,500,116,8gpu,pool,False,12,ok,1.361,False,-0.2,100,
tpcds,500,116,8gpu,pool,False,13,ok,2.028,False,0.3,1,
tpcds,500,116,8gpu,pool,False,14,ok,11.266,False,0.1,100,
tpcds,500,116,8gpu,pool,False,15,ok,0.763,False,0.0,100,
tpcds,500,116,8gpu,pool,False,16,ok,1.842,False,-0.0,1,
tpcds,500,116,8gpu,pool,False,17,ok,3.6,False,0.1,100,
tpcds,500,116,8gpu,pool,False,18,ok,3.262,False,0.0,100,
tpcds,500,116,8gpu,pool,False,19,ok,1.338,False,0.1,100,
tpcds,500,116,8gpu,pool,False,20,ok,1.001,False,-0.0,100,
tpcds,500,116,8gpu,pool,False,21,ok,0.592,False,-0.0,100,
tpcds,500,116,8gpu,pool,False,22,ok,3.801,False,-0.0,100,
tpcds,500,116,8gpu,pool,False,23,error,,,,,OverflowError: CUDF failure at: /raid/pgali/envs/cudfdev/include/cudf/column/column.hpp:78: The device_
tpcds,500,116,8gpu,pool,False,24,ok,2.669,False,0.0,213,
tpcds,500,116,8gpu,pool,False,25,ok,2.291,False,-0.0,100,
tpcds,500,116,8gpu,pool,False,26,ok,1.214,False,-0.0,100,
tpcds,500,116,8gpu,pool,False,27,ok,2.607,False,0.1,100,
tpcds,500,116,8gpu,pool,False,28,ok,1.406,False,0.2,1,
tpcds,500,116,8gpu,pool,False,29,ok,2.628,False,-0.1,100,
tpcds,500,116,8gpu,pool,False,30,ok,1.475,False,0.0,100,
tpcds,500,116,8gpu,pool,False,31,ok,2.18,False,-0.2,297,
tpcds,500,116,8gpu,pool,False,32,ok,0.62,False,0.1,1,
tpcds,500,116,8gpu,pool,False,33,ok,2.91,False,0.1,100,
tpcds,500,116,8gpu,pool,False,34,ok,1.391,False,0.1,65929,
tpcds,500,116,8gpu,pool,False,35,ok,2.368,False,-0.0,100,
tpcds,500,116,8gpu,pool,False,36,ok,2.08,False,-0.0,100,
tpcds,500,116,8gpu,pool,False,37,ok,0.695,False,-0.0,1,
tpcds,500,116,8gpu,pool,False,38,ok,2.158,False,-0.0,1,
tpcds,500,116,8gpu,pool,False,39,ok,0.751,False,0.0,357,
tpcds,500,116,8gpu,pool,False,40,ok,1.554,False,-0.0,100,
tpcds,500,116,8gpu,pool,False,41,ok,0.289,False,0.0,4,
tpcds,500,116,8gpu,pool,False,42,ok,0.892,False,0.1,10,
tpcds,500,116,8gpu,pool,False,43,ok,1.719,False,-0.0,17,
tpcds,500,116,8gpu,pool,False,44,ok,1.418,False,0.1,10,
tpcds,500,116,8gpu,pool,False,45,ok,0.978,False,0.1,100,
tpcds,500,116,8gpu,pool,False,46,ok,1.761,False,0.0,100,
tpcds,500,116,8gpu,pool,False,47,ok,2.81,False,0.0,100,
tpcds,500,116,8gpu,pool,False,48,ok,1.584,False,-0.0,1,
tpcds,500,116,8gpu,pool,False,49,ok,5.63,False,-0.0,100,
tpcds,500,116,8gpu,pool,False,50,ok,2.787,False,0.1,35,
tpcds,500,116,8gpu,pool,False,51,ok,2.226,False,-0.0,0,
tpcds,500,116,8gpu,pool,False,52,ok,0.964,False,0.0,100,
tpcds,500,116,8gpu,pool,False,53,ok,1.266,False,0.0,100,
tpcds,500,116,8gpu,pool,False,54,ok,3.034,False,0.1,100,
tpcds,500,116,8gpu,pool,False,55,ok,0.995,False,0.0,100,
tpcds,500,116,8gpu,pool,False,56,ok,3.25,False,-0.1,100,
tpcds,500,116,8gpu,pool,False,57,ok,2.232,False,0.0,100,
tpcds,500,116,8gpu,pool,False,58,ok,2.352,False,0.0,0,
tpcds,500,116,8gpu,pool,False,59,ok,2.08,False,-0.0,100,
tpcds,500,116,8gpu,pool,False,60,ok,3.388,False,0.0,100,
tpcds,500,116,8gpu,pool,False,61,ok,1.187,False,0.0,1,
tpcds,500,116,8gpu,pool,False,62,ok,1.019,False,-0.0,100,
tpcds,500,116,8gpu,pool,False,63,ok,1.275,False,0.0,100,
tpcds,500,116,8gpu,pool,False,64,ok,5.655,False,0.5,133414,
tpcds,500,116,8gpu,pool,False,65,ok,1.185,False,0.0,0,
tpcds,500,116,8gpu,pool,False,66,ok,4.082,False,-0.1,5,
tpcds,500,116,8gpu,pool,False,67,ok,11.638,False,0.1,100,
tpcds,500,116,8gpu,pool,False,68,ok,2.028,False,0.0,100,
tpcds,500,116,8gpu,pool,False,69,ok,1.922,False,-0.1,100,
tpcds,500,116,8gpu,pool,False,70,ok,1.453,False,0.1,9,
tpcds,500,116,8gpu,pool,False,71,ok,3.987,False,-0.0,63130,
tpcds,500,116,8gpu,pool,False,72,ok,2.142,False,0.0,100,
tpcds,500,116,8gpu,pool,False,73,ok,1.206,False,0.0,666,
tpcds,500,116,8gpu,pool,False,74,ok,2.501,False,-0.0,100,
tpcds,500,116,8gpu,pool,False,75,ok,6.959,False,0.0,0,
tpcds,500,116,8gpu,pool,False,76,ok,3.799,False,-0.1,100,
tpcds,500,116,8gpu,pool,False,77,ok,5.962,False,0.0,100,
tpcds,500,116,8gpu,pool,False,78,ok,6.962,False,0.1,100,
tpcds,500,116,8gpu,pool,False,79,ok,1.857,False,0.0,100,
tpcds,500,116,8gpu,pool,False,80,ok,8.457,False,-0.1,100,
tpcds,500,116,8gpu,pool,False,81,ok,1.492,False,0.0,100,
tpcds,500,116,8gpu,pool,False,82,ok,0.923,False,0.0,2,
tpcds,500,116,8gpu,pool,False,83,ok,1.48,False,0.0,100,
tpcds,500,116,8gpu,pool,False,84,ok,0.872,False,0.0,100,
tpcds,500,116,8gpu,pool,False,85,ok,1.953,False,-0.1,35,
tpcds,500,116,8gpu,pool,False,86,ok,1.716,False,0.0,100,
tpcds,500,116,8gpu,pool,False,87,ok,2.217,False,0.1,1,
tpcds,500,116,8gpu,pool,False,88,ok,0.745,False,-0.0,1,
tpcds,500,116,8gpu,pool,False,89,ok,1.848,False,-0.0,100,
tpcds,500,116,8gpu,pool,False,90,ok,0.373,False,0.0,1,
tpcds,500,116,8gpu,pool,False,91,ok,0.776,False,0.0,6,
tpcds,500,116,8gpu,pool,False,92,ok,0.525,False,0.0,1,
tpcds,500,116,8gpu,pool,False,93,ok,1.186,False,0.0,100,
tpcds,500,116,8gpu,pool,False,94,ok,1.302,False,0.0,1,
tpcds,500,116,8gpu,pool,False,95,ok,1.268,False,0.0,1,
tpcds,500,116,8gpu,pool,False,96,ok,0.587,False,-0.0,1,
tpcds,500,116,8gpu,pool,False,97,ok,1.528,False,0.0,1,
tpcds,500,116,8gpu,pool,False,98,ok,1.771,False,0.0,4156,
tpcds,500,116,8gpu,pool,False,99,ok,1.408,False,0.0,90,
tpcds,1000,243,8gpu,pool,False,1,ok,3.144,False,1.2,100,
tpcds,1000,243,8gpu,pool,False,2,ok,4.063,True,2.6,2513,
tpcds,1000,243,8gpu,pool,False,3,ok,1.645,False,1.3,100,
tpcds,1000,243,8gpu,pool,False,4,ok,12.106,False,-0.5,100,
tpcds,1000,243,8gpu,pool,False,5,ok,12.103,False,-0.1,100,
tpcds,1000,243,8gpu,pool,False,6,ok,1.987,False,0.9,52,
tpcds,1000,243,8gpu,pool,False,7,ok,3.034,False,0.4,100,
tpcds,1000,243,8gpu,pool,False,8,ok,1.832,False,0.0,10,
tpcds,1000,243,8gpu,pool,False,9,ok,1.209,False,0.1,1,
tpcds,1000,243,8gpu,pool,False,10,ok,2.855,False,-0.4,100,
tpcds,1000,243,8gpu,pool,False,11,ok,2.998,False,-0.2,100,
tpcds,1000,243,8gpu,pool,False,12,ok,1.27,False,-0.2,100,
tpcds,1000,243,8gpu,pool,False,13,ok,3.532,False,1.0,1,
tpcds,1000,243,8gpu,pool,False,14,ok,14.333,False,-0.1,100,
tpcds,1000,243,8gpu,pool,False,15,ok,1.234,False,0.0,100,
tpcds,1000,243,8gpu,pool,False,16,ok,2.798,False,0.0,1,
tpcds,1000,243,8gpu,pool,False,17,ok,5.581,False,0.1,100,
tpcds,1000,243,8gpu,pool,False,18,ok,4.327,False,0.1,100,
tpcds,1000,243,8gpu,pool,False,19,ok,2.274,False,0.3,100,
tpcds,1000,243,8gpu,pool,False,20,ok,1.541,False,-0.2,100,
tpcds,1000,243,8gpu,pool,False,21,ok,0.685,False,-0.0,100,
tpcds,1000,243,8gpu,pool,False,22,ok,4.171,False,-0.0,100,
tpcds,1000,243,8gpu,pool,False,23,ok,22.69,False,0.0,100,
tpcds,1000,243,8gpu,pool,False,24,ok,4.399,False,0.2,374,
tpcds,1000,243,8gpu,pool,False,25,ok,3.878,False,-0.0,100,
tpcds,1000,243,8gpu,pool,False,26,ok,1.999,False,0.0,100,
tpcds,1000,243,8gpu,pool,False,27,ok,4.002,False,0.2,100,
tpcds,1000,243,8gpu,pool,False,28,ok,2.135,False,0.0,1,
tpcds,1000,243,8gpu,pool,False,29,ok,4.308,False,-0.1,100,
tpcds,1000,243,8gpu,pool,False,30,ok,1.523,False,-0.0,100,
tpcds,1000,243,8gpu,pool,False,31,ok,3.033,False,-0.2,305,
tpcds,1000,243,8gpu,pool,False,32,ok,1.02,False,0.1,1,
tpcds,1000,243,8gpu,pool,False,33,ok,4.271,False,0.1,100,
tpcds,1000,243,8gpu,pool,False,34,ok,2.231,False,0.3,23317,
tpcds,1000,243,8gpu,pool,False,35,ok,3.295,False,-0.3,100,
tpcds,1000,243,8gpu,pool,False,36,ok,3.044,False,0.2,100,
tpcds,1000,243,8gpu,pool,False,37,ok,1.409,False,-0.2,4,
tpcds,1000,243,8gpu,pool,False,38,ok,3.823,False,0.1,1,
tpcds,1000,243,8gpu,pool,False,39,ok,1.432,False,0.0,14796,
tpcds,1000,243,8gpu,pool,False,40,ok,2.709,False,-0.1,100,
tpcds,1000,243,8gpu,pool,False,41,ok,0.491,False,0.0,100,
tpcds,1000,243,8gpu,pool,False,42,ok,1.548,False,0.2,12,
tpcds,1000,243,8gpu,pool,False,43,ok,2.565,False,0.2,100,
tpcds,1000,243,8gpu,pool,False,44,ok,2.261,False,0.0,10,
tpcds,1000,243,8gpu,pool,False,45,ok,1.318,False,-0.0,100,
tpcds,1000,243,8gpu,pool,False,46,ok,2.965,False,0.0,100,
tpcds,1000,243,8gpu,pool,False,47,ok,3.946,False,0.1,100,
tpcds,1000,243,8gpu,pool,False,48,ok,2.848,False,-0.0,1,
tpcds,1000,243,8gpu,pool,False,49,ok,8.82,False,-0.3,100,
tpcds,1000,243,8gpu,pool,False,50,ok,4.791,False,0.0,100,
tpcds,1000,243,8gpu,pool,False,51,ok,3.524,False,0.2,100,
tpcds,1000,243,8gpu,pool,False,52,ok,1.6,False,0.0,100,
tpcds,1000,243,8gpu,pool,False,53,ok,2.399,False,-0.0,100,
tpcds,1000,243,8gpu,pool,False,54,ok,4.24,False,-0.1,100,
tpcds,1000,243,8gpu,pool,False,55,ok,1.593,False,0.2,100,
tpcds,1000,243,8gpu,pool,False,56,ok,4.781,False,-0.3,100,
tpcds,1000,243,8gpu,pool,False,57,ok,2.892,False,-0.0,100,
tpcds,1000,243,8gpu,pool,False,58,ok,3.893,False,0.1,2,
tpcds,1000,243,8gpu,pool,False,59,error,,,,,OOMFallbackError: Falling back to the slow path. The exception was std::bad_alloc: out_of_memory: RMM fail
tpcds,1000,243,8gpu,pool,False,60,ok,5.353,False,-0.2,100,
tpcds,1000,243,8gpu,pool,False,61,ok,2.206,False,0.1,1,
tpcds,1000,243,8gpu,pool,False,62,ok,1.5,False,-0.1,100,
tpcds,1000,243,8gpu,pool,False,63,ok,2.233,False,0.1,100,
tpcds,1000,243,8gpu,pool,False,64,ok,10.761,False,-0.0,11685,
tpcds,1000,243,8gpu,pool,False,65,ok,2.963,False,0.1,100,
tpcds,1000,243,8gpu,pool,False,66,ok,6.981,False,-0.0,20,
tpcds,1000,243,8gpu,pool,False,67,error,,,,,OOMFallbackError: Falling back to the slow path. The exception was std::bad_alloc: out_of_memory: RMM fail
tpcds,1000,243,8gpu,pool,False,68,ok,3.497,False,0.0,100,
tpcds,1000,243,8gpu,pool,False,69,ok,3.117,False,-0.1,100,
tpcds,1000,243,8gpu,pool,False,70,ok,6.137,False,0.1,50,
tpcds,1000,243,8gpu,pool,False,71,ok,6.309,False,0.0,209271,
tpcds,1000,243,8gpu,pool,False,72,ok,4.074,False,0.1,100,
tpcds,1000,243,8gpu,pool,False,73,ok,2.215,False,-0.2,545,
tpcds,1000,243,8gpu,pool,False,74,ok,9.168,False,0.0,100,
tpcds,1000,243,8gpu,pool,False,75,ok,11.087,False,0.1,30,
tpcds,1000,243,8gpu,pool,False,76,ok,5.365,False,0.1,100,
tpcds,1000,243,8gpu,pool,False,77,ok,8.371,False,0.0,100,
tpcds,1000,243,8gpu,pool,False,78,ok,15.276,False,0.1,100,
tpcds,1000,243,8gpu,pool,False,79,ok,3.145,False,-0.0,100,
tpcds,1000,243,8gpu,pool,False,80,ok,13.72,False,-0.1,100,
tpcds,1000,243,8gpu,pool,False,81,ok,1.854,False,0.0,100,
tpcds,1000,243,8gpu,pool,False,82,ok,1.895,False,0.1,24,
tpcds,1000,243,8gpu,pool,False,83,ok,1.968,False,-0.1,100,
tpcds,1000,243,8gpu,pool,False,84,ok,1.085,False,0.0,100,
tpcds,1000,243,8gpu,pool,False,85,ok,2.846,False,0.0,64,
tpcds,1000,243,8gpu,pool,False,86,ok,2.215,False,0.0,100,
tpcds,1000,243,8gpu,pool,False,87,ok,3.968,False,0.2,1,
tpcds,1000,243,8gpu,pool,False,88,ok,1.395,False,0.0,1,
tpcds,1000,243,8gpu,pool,False,89,ok,3.19,False,-0.0,100,
tpcds,1000,243,8gpu,pool,False,90,ok,0.553,False,-0.1,1,
tpcds,1000,243,8gpu,pool,False,91,ok,1.073,False,-0.1,42,
tpcds,1000,243,8gpu,pool,False,92,ok,0.74,False,0.0,1,
tpcds,1000,243,8gpu,pool,False,93,ok,1.998,False,0.1,100,
tpcds,1000,243,8gpu,pool,False,94,ok,1.939,False,-0.1,1,
tpcds,1000,243,8gpu,pool,False,95,ok,1.929,False,-0.1,1,
tpcds,1000,243,8gpu,pool,False,96,ok,1.063,False,0.1,1,
tpcds,1000,243,8gpu,pool,False,97,ok,2.844,False,-0.0,1,
tpcds,1000,243,8gpu,pool,False,98,ok,2.237,False,0.1,45075,
tpcds,1000,243,8gpu,pool,False,99,ok,2.216,False,-0.1,100,
tpcds,1000,243,8gpu,managed,False,2,ok,16.478,True,3.9,2513,
tpcds,1000,243,8gpu,managed,False,59,ok,31.364,False,1.4,100,
tpcds,1000,243,8gpu,managed,False,67,ok,85.802,False,0.1,100,
